x,y,z
0,0,0
0,1,0
0,2,0
0,3,0
0,4,0
0,5,0
0,6,0
0,7,0
0,8,0
0,9,0
0,10,0
0,11,0
0,12,0
0,13,0
0,14,0
0,15,0
0,16,0
0,17,0
0,18,0
0,19,0
0,20,0
0,21,0
0,22,0
0,23,0
0,24,0
0,25,0
0,0,1
0,1,1
0,2,1
0,3,1
0,4,1
0,5,1
0,6,1
0,7,1
0,8,1
0,9,1
0,10,1
0,11,1
0,12,1
0,13,1
0,14,1
0,15,1
0,16,1
0,17,1
0,18,1
0,19,1
0,20,1
0,21,1
0,22,1
0,23,1
0,24,1
0,25,1
0,0,2
0,1,2
0,2,2
0,3,2
0,4,2
0,5,2
0,6,2
0,7,2
0,8,2
0,9,2
0,10,2
0,11,2
0,12,2
0,13,2
0,14,2
0,15,2
0,16,2
0,17,2
0,18,2
0,19,2
0,20,2
0,21,2
0,22,2
0,23,2
0,24,2
0,25,2
0,0,3
0,1,3
0,2,3
0,3,3
0,4,3
0,5,3
0,6,3
0,7,3
0,8,3
0,9,3
0,10,3
0,11,3
0,12,3
0,13,3
0,14,3
0,15,3
0,16,3
0,17,3
0,18,3
0,19,3
0,20,3
0,21,3
0,22,3
0,23,3
0,24,3
0,25,3
0,0,4
0,1,4
0,2,4
0,3,4
0,4,4
0,5,4
0,6,4
0,7,4
0,8,4
0,9,4
0,10,4
0,11,4
0,12,4
0,13,4
0,14,4
0,15,4
0,16,4
0,17,4
0,18,4
0,19,4
0,20,4
0,21,4
0,22,4
0,23,4
0,24,4
0,25,4
0,0,5
0,1,5
0,2,5
0,3,5
0,4,5
0,5,5
0,6,5
0,7,5
0,8,5
0,9,5
0,10,5
0,11,5
0,12,5
0,13,5
0,14,5
0,15,5
0,16,5
0,17,5
0,18,5
0,19,5
0,20,5
0,21,5
0,22,5
0,23,5
0,24,5
0,25,5
0,0,6
0,1,6
0,2,6
0,3,6
0,4,6
0,5,6
0,6,6
0,7,6
0,8,6
0,9,6
0,10,6
0,11,6
0,12,6
0,13,6
0,14,6
0,15,6
0,16,6
0,17,6
0,18,6
0,19,6
0,20,6
0,21,6
0,22,6
0,23,6
0,24,6
0,25,6
0,0,7
0,1,7
0,2,7
0,3,7
0,4,7
0,5,7
0,6,7
0,7,7
0,8,7
0,9,7
0,10,7
0,11,7
0,12,7
0,13,7
0,14,7
0,15,7
0,16,7
0,17,7
0,18,7
0,19,7
0,20,7
0,21,7
0,22,7
0,23,7
0,24,7
0,25,7
0,0,8
0,1,8
0,2,8
0,3,8
0,4,8
0,5,8
0,6,8
0,7,8
0,8,8
0,9,8
0,10,8
0,11,8
0,12,8
0,13,8
0,14,8
0,15,8
0,16,8
0,17,8
0,18,8
0,19,8
0,20,8
0,21,8
0,22,8
0,23,8
0,24,8
0,25,8
0,0,9
0,1,9
0,2,9
0,3,9
0,4,9
0,5,9
0,6,9
0,7,9
0,8,9
0,9,9
0,10,9
0,11,9
0,12,9
0,13,9
0,14,9
0,15,9
0,16,9
0,17,9
0,18,9
0,19,9
0,20,9
0,21,9
0,22,9
0,23,9
0,24,9
0,25,9
0,0,10
0,1,10
0,2,10
0,3,10
0,4,10
0,5,10
0,6,10
0,7,10
0,8,10
0,9,10
0,10,10
0,11,10
0,12,10
0,13,10
0,14,10
0,15,10
0,16,10
0,17,10
0,18,10
0,19,10
0,20,10
0,21,10
0,22,10
0,23,10
0,24,10
0,25,10
0,0,11
0,1,11
0,2,11
0,3,11
0,4,11
0,5,11
0,6,11
0,7,11
0,8,11
0,9,11
0,10,11
0,11,11
0,12,11
0,13,11
0,14,11
0,15,11
0,16,11
0,17,11
0,18,11
0,19,11
0,20,11
0,21,11
0,22,11
0,23,11
0,24,11
0,25,11
0,0,12
0,1,12
0,2,12
0,3,12
0,4,12
0,5,12
0,6,12
0,7,12
0,8,12
0,9,12
0,10,12
0,11,12
0,12,12
0,13,12
0,14,12
0,15,12
0,16,12
0,17,12
0,18,12
0,19,12
0,20,12
0,21,12
0,22,12
0,23,12
0,24,12
0,25,12
0,0,13
0,1,13
0,2,13
0,3,13
0,4,13
0,5,13
0,6,13
0,7,13
0,8,13
0,9,13
0,10,13
0,11,13
0,12,13
0,13,13
0,14,13
0,15,13
0,16,13
0,17,13
0,18,13
0,19,13
0,20,13
0,21,13
0,22,13
0,23,13
0,24,13
0,25,13
0,0,14
0,1,14
0,2,14
0,3,14
0,4,14
0,5,14
0,6,14
0,7,14
0,8,14
0,9,14
0,10,14
0,11,14
0,12,14
0,13,14
0,14,14
0,15,14
0,16,14
0,17,14
0,18,14
0,19,14
0,20,14
0,21,14
0,22,14
0,23,14
0,24,14
0,25,14
0,0,15
0,1,15
0,2,15
0,3,15
0,4,15
0,5,15
0,6,15
0,7,15
0,8,15
0,9,15
0,10,15
0,11,15
0,12,15
0,13,15
0,14,15
0,15,15
0,16,15
0,17,15
0,18,15
0,19,15
0,20,15
0,21,15
0,22,15
0,23,15
0,24,15
0,25,15
0,0,16
0,1,16
0,2,16
0,3,16
0,4,16
0,5,16
0,6,16
0,7,16
0,8,16
0,9,16
0,10,16
0,11,16
0,12,16
0,13,16
0,14,16
0,15,16
0,16,16
0,17,16
0,18,16
0,19,16
0,20,16
0,21,16
0,22,16
0,23,16
0,24,16
0,25,16
0,0,17
0,1,17
0,2,17
0,3,17
0,4,17
0,5,17
0,6,17
0,7,17
0,8,17
0,9,17
0,10,17
0,11,17
0,12,17
0,13,17
0,14,17
0,15,17
0,16,17
0,17,17
0,18,17
0,19,17
0,20,17
0,21,17
0,22,17
0,23,17
0,24,17
0,25,17
0,0,18
0,1,18
0,2,18
0,3,18
0,4,18
0,5,18
0,6,18
0,7,18
0,8,18
0,9,18
0,10,18
0,11,18
0,12,18
0,13,18
0,14,18
0,15,18
0,16,18
0,17,18
0,18,18
0,19,18
0,20,18
0,21,18
0,22,18
0,23,18
0,24,18
0,25,18
0,0,19
0,1,19
0,2,19
0,3,19
0,4,19
0,5,19
0,6,19
0,7,19
0,8,19
0,9,19
0,10,19
0,11,19
0,12,19
0,13,19
0,14,19
0,15,19
0,16,19
0,17,19
0,18,19
0,19,19
0,20,19
0,21,19
0,22,19
0,23,19
0,24,19
0,25,19
0,0,20
0,1,20
0,2,20
0,3,20
0,4,20
0,5,20
0,6,20
0,7,20
0,8,20
0,9,20
0,10,20
0,11,20
0,12,20
0,13,20
0,14,20
0,15,20
0,16,20
0,17,20
0,18,20
0,19,20
0,20,20
0,21,20
0,22,20
0,23,20
0,24,20
0,25,20
0,0,21
0,1,21
0,2,21
0,3,21
0,4,21
0,5,21
0,6,21
0,7,21
0,8,21
0,9,21
0,10,21
0,11,21
0,12,21
0,13,21
0,14,21
0,15,21
0,16,21
0,17,21
0,18,21
0,19,21
0,20,21
0,21,21
0,22,21
0,23,21
0,24,21
0,25,21
0,0,22
0,1,22
0,2,22
0,3,22
0,4,22
0,5,22
0,6,22
0,7,22
0,8,22
0,9,22
0,10,22
0,11,22
0,12,22
0,13,22
0,14,22
0,15,22
0,16,22
0,17,22
0,18,22
0,19,22
0,20,22
0,21,22
0,22,22
0,23,22
0,24,22
0,25,22
0,0,23
0,1,23
0,2,23
0,3,23
0,4,23
0,5,23
0,6,23
0,7,23
0,8,23
0,9,23
0,10,23
0,11,23
0,12,23
0,13,23
0,14,23
0,15,23
0,16,23
0,17,23
0,18,23
0,19,23
0,20,23
0,21,23
0,22,23
0,23,23
0,24,23
0,25,23
0,0,24
0,1,24
0,2,24
0,3,24
0,4,24
0,5,24
0,6,24
0,7,24
0,8,24
0,9,24
0,10,24
0,11,24
0,12,24
0,13,24
0,14,24
0,15,24
0,16,24
0,17,24
0,18,24
0,19,24
0,20,24
0,21,24
0,22,24
0,23,24
0,24,24
0,25,24
0,0,25
0,1,25
0,2,25
0,3,25
0,4,25
0,5,25
0,6,25
0,7,25
0,8,25
0,9,25
0,10,25
0,11,25
0,12,25
0,13,25
0,14,25
0,15,25
0,16,25
0,17,25
0,18,25
0,19,25
0,20,25
0,21,25
0,22,25
0,23,25
0,24,25
0,25,25
0.635,0,0
0.635,1,0
0.635,2,0
0.635,3,0
0.635,4,0
0.635,5,0
0.635,6,0
0.635,7,0
0.635,8,0
0.635,9,0
0.635,10,0
0.635,11,0
0.635,12,0
0.635,13,0
0.635,14,0
0.635,15,0
0.635,16,0
0.635,17,0
0.635,18,0
0.635,19,0
0.635,20,0
0.635,21,0
0.635,22,0
0.635,23,0
0.635,24,0
0.635,25,0
0.635,0,1
0.635,1,1
0.635,2,1
0.635,3,1
0.635,4,1
0.635,5,1
0.635,6,1
0.635,7,1
0.635,8,1
0.635,9,1
0.635,10,1
0.635,11,1
0.635,12,1
0.635,13,1
0.635,14,1
0.635,15,1
0.635,16,1
0.635,17,1
0.635,18,1
0.635,19,1
0.635,20,1
0.635,21,1
0.635,22,1
0.635,23,1
0.635,24,1
0.635,25,1
0.635,0,2
0.635,1,2
0.635,2,2
0.635,3,2
0.635,4,2
0.635,5,2
0.635,6,2
0.635,7,2
0.635,8,2
0.635,9,2
0.635,10,2
0.635,11,2
0.635,12,2
0.635,13,2
0.635,14,2
0.635,15,2
0.635,16,2
0.635,17,2
0.635,18,2
0.635,19,2
0.635,20,2
0.635,21,2
0.635,22,2
0.635,23,2
0.635,24,2
0.635,25,2
0.635,0,3
0.635,1,3
0.635,2,3
0.635,3,3
0.635,4,3
0.635,5,3
0.635,6,3
0.635,7,3
0.635,8,3
0.635,9,3
0.635,10,3
0.635,11,3
0.635,12,3
0.635,13,3
0.635,14,3
0.635,15,3
0.635,16,3
0.635,17,3
0.635,18,3
0.635,19,3
0.635,20,3
0.635,21,3
0.635,22,3
0.635,23,3
0.635,24,3
0.635,25,3
0.635,0,4
0.635,1,4
0.635,2,4
0.635,3,4
0.635,4,4
0.635,5,4
0.635,6,4
0.635,7,4
0.635,8,4
0.635,9,4
0.635,10,4
0.635,11,4
0.635,12,4
0.635,13,4
0.635,14,4
0.635,15,4
0.635,16,4
0.635,17,4
0.635,18,4
0.635,19,4
0.635,20,4
0.635,21,4
0.635,22,4
0.635,23,4
0.635,24,4
0.635,25,4
0.635,0,5
0.635,1,5
0.635,2,5
0.635,3,5
0.635,4,5
0.635,5,5
0.635,6,5
0.635,7,5
0.635,8,5
0.635,9,5
0.635,10,5
0.635,11,5
0.635,12,5
0.635,13,5
0.635,14,5
0.635,15,5
0.635,16,5
0.635,17,5
0.635,18,5
0.635,19,5
0.635,20,5
0.635,21,5
0.635,22,5
0.635,23,5
0.635,24,5
0.635,25,5
0.635,0,6
0.635,1,6
0.635,2,6
0.635,3,6
0.635,4,6
0.635,5,6
0.635,6,6
0.635,7,6
0.635,8,6
0.635,9,6
0.635,10,6
0.635,11,6
0.635,12,6
0.635,13,6
0.635,14,6
0.635,15,6
0.635,16,6
0.635,17,6
0.635,18,6
0.635,19,6
0.635,20,6
0.635,21,6
0.635,22,6
0.635,23,6
0.635,24,6
0.635,25,6
0.635,0,7
0.635,1,7
0.635,2,7
0.635,3,7
0.635,4,7
0.635,5,7
0.635,6,7
0.635,7,7
0.635,8,7
0.635,9,7
0.635,10,7
0.635,11,7
0.635,12,7
0.635,13,7
0.635,14,7
0.635,15,7
0.635,16,7
0.635,17,7
0.635,18,7
0.635,19,7
0.635,20,7
0.635,21,7
0.635,22,7
0.635,23,7
0.635,24,7
0.635,25,7
0.635,0,8
0.635,1,8
0.635,2,8
0.635,3,8
0.635,4,8
0.635,5,8
0.635,6,8
0.635,7,8
0.635,8,8
0.635,9,8
0.635,10,8
0.635,11,8
0.635,12,8
0.635,13,8
0.635,14,8
0.635,15,8
0.635,16,8
0.635,17,8
0.635,18,8
0.635,19,8
0.635,20,8
0.635,21,8
0.635,22,8
0.635,23,8
0.635,24,8
0.635,25,8
0.635,0,9
0.635,1,9
0.635,2,9
0.635,3,9
0.635,4,9
0.635,5,9
0.635,6,9
0.635,7,9
0.635,8,9
0.635,9,9
0.635,10,9
0.635,11,9
0.635,12,9
0.635,13,9
0.635,14,9
0.635,15,9
0.635,16,9
0.635,17,9
0.635,18,9
0.635,19,9
0.635,20,9
0.635,21,9
0.635,22,9
0.635,23,9
0.635,24,9
0.635,25,9
0.635,0,10
0.635,1,10
0.635,2,10
0.635,3,10
0.635,4,10
0.635,5,10
0.635,6,10
0.635,7,10
0.635,8,10
0.635,9,10
0.635,10,10
0.635,11,10
0.635,12,10
0.635,13,10
0.635,14,10
0.635,15,10
0.635,16,10
0.635,17,10
0.635,18,10
0.635,19,10
0.635,20,10
0.635,21,10
0.635,22,10
0.635,23,10
0.635,24,10
0.635,25,10
0.635,0,11
0.635,1,11
0.635,2,11
0.635,3,11
0.635,4,11
0.635,5,11
0.635,6,11
0.635,7,11
0.635,8,11
0.635,9,11
0.635,10,11
0.635,11,11
0.635,12,11
0.635,13,11
0.635,14,11
0.635,15,11
0.635,16,11
0.635,17,11
0.635,18,11
0.635,19,11
0.635,20,11
0.635,21,11
0.635,22,11
0.635,23,11
0.635,24,11
0.635,25,11
0.635,0,12
0.635,1,12
0.635,2,12
0.635,3,12
0.635,4,12
0.635,5,12
0.635,6,12
0.635,7,12
0.635,8,12
0.635,9,12
0.635,10,12
0.635,11,12
0.635,12,12
0.635,13,12
0.635,14,12
0.635,15,12
0.635,16,12
0.635,17,12
0.635,18,12
0.635,19,12
0.635,20,12
0.635,21,12
0.635,22,12
0.635,23,12
0.635,24,12
0.635,25,12
0.635,0,13
0.635,1,13
0.635,2,13
0.635,3,13
0.635,4,13
0.635,5,13
0.635,6,13
0.635,7,13
0.635,8,13
0.635,9,13
0.635,10,13
0.635,11,13
0.635,12,13
0.635,13,13
0.635,14,13
0.635,15,13
0.635,16,13
0.635,17,13
0.635,18,13
0.635,19,13
0.635,20,13
0.635,21,13
0.635,22,13
0.635,23,13
0.635,24,13
0.635,25,13
0.635,0,14
0.635,1,14
0.635,2,14
0.635,3,14
0.635,4,14
0.635,5,14
0.635,6,14
0.635,7,14
0.635,8,14
0.635,9,14
0.635,10,14
0.635,11,14
0.635,12,14
0.635,13,14
0.635,14,14
0.635,15,14
0.635,16,14
0.635,17,14
0.635,18,14
0.635,19,14
0.635,20,14
0.635,21,14
0.635,22,14
0.635,23,14
0.635,24,14
0.635,25,14
0.635,0,15
0.635,1,15
0.635,2,15
0.635,3,15
0.635,4,15
0.635,5,15
0.635,6,15
0.635,7,15
0.635,8,15
0.635,9,15
0.635,10,15
0.635,11,15
0.635,12,15
0.635,13,15
0.635,14,15
0.635,15,15
0.635,16,15
0.635,17,15
0.635,18,15
0.635,19,15
0.635,20,15
0.635,21,15
0.635,22,15
0.635,23,15
0.635,24,15
0.635,25,15
0.635,0,16
0.635,1,16
0.635,2,16
0.635,3,16
0.635,4,16
0.635,5,16
0.635,6,16
0.635,7,16
0.635,8,16
0.635,9,16
0.635,10,16
0.635,11,16
0.635,12,16
0.635,13,16
0.635,14,16
0.635,15,16
0.635,16,16
0.635,17,16
0.635,18,16
0.635,19,16
0.635,20,16
0.635,21,16
0.635,22,16
0.635,23,16
0.635,24,16
0.635,25,16
0.635,0,17
0.635,1,17
0.635,2,17
0.635,3,17
0.635,4,17
0.635,5,17
0.635,6,17
0.635,7,17
0.635,8,17
0.635,9,17
0.635,10,17
0.635,11,17
0.635,12,17
0.635,13,17
0.635,14,17
0.635,15,17
0.635,16,17
0.635,17,17
0.635,18,17
0.635,19,17
0.635,20,17
0.635,21,17
0.635,22,17
0.635,23,17
0.635,24,17
0.635,25,17
0.635,0,18
0.635,1,18
0.635,2,18
0.635,3,18
0.635,4,18
0.635,5,18
0.635,6,18
0.635,7,18
0.635,8,18
0.635,9,18
0.635,10,18
0.635,11,18
0.635,12,18
0.635,13,18
0.635,14,18
0.635,15,18
0.635,16,18
0.635,17,18
0.635,18,18
0.635,19,18
0.635,20,18
0.635,21,18
0.635,22,18
0.635,23,18
0.635,24,18
0.635,25,18
0.635,0,19
0.635,1,19
0.635,2,19
0.635,3,19
0.635,4,19
0.635,5,19
0.635,6,19
0.635,7,19
0.635,8,19
0.635,9,19
0.635,10,19
0.635,11,19
0.635,12,19
0.635,13,19
0.635,14,19
0.635,15,19
0.635,16,19
0.635,17,19
0.635,18,19
0.635,19,19
0.635,20,19
0.635,21,19
0.635,22,19
0.635,23,19
0.635,24,19
0.635,25,19
0.635,0,20
0.635,1,20
0.635,2,20
0.635,3,20
0.635,4,20
0.635,5,20
0.635,6,20
0.635,7,20
0.635,8,20
0.635,9,20
0.635,10,20
0.635,11,20
0.635,12,20
0.635,13,20
0.635,14,20
0.635,15,20
0.635,16,20
0.635,17,20
0.635,18,20
0.635,19,20
0.635,20,20
0.635,21,20
0.635,22,20
0.635,23,20
0.635,24,20
0.635,25,20
0.635,0,21
0.635,1,21
0.635,2,21
0.635,3,21
0.635,4,21
0.635,5,21
0.635,6,21
0.635,7,21
0.635,8,21
0.635,9,21
0.635,10,21
0.635,11,21
0.635,12,21
0.635,13,21
0.635,14,21
0.635,15,21
0.635,16,21
0.635,17,21
0.635,18,21
0.635,19,21
0.635,20,21
0.635,21,21
0.635,22,21
0.635,23,21
0.635,24,21
0.635,25,21
0.635,0,22
0.635,1,22
0.635,2,22
0.635,3,22
0.635,4,22
0.635,5,22
0.635,6,22
0.635,7,22
0.635,8,22
0.635,9,22
0.635,10,22
0.635,11,22
0.635,12,22
0.635,13,22
0.635,14,22
0.635,15,22
0.635,16,22
0.635,17,22
0.635,18,22
0.635,19,22
0.635,20,22
0.635,21,22
0.635,22,22
0.635,23,22
0.635,24,22
0.635,25,22
0.635,0,23
0.635,1,23
0.635,2,23
0.635,3,23
0.635,4,23
0.635,5,23
0.635,6,23
0.635,7,23
0.635,8,23
0.635,9,23
0.635,10,23
0.635,11,23
0.635,12,23
0.635,13,23
0.635,14,23
0.635,15,23
0.635,16,23
0.635,17,23
0.635,18,23
0.635,19,23
0.635,20,23
0.635,21,23
0.635,22,23
0.635,23,23
0.635,24,23
0.635,25,23
0.635,0,24
0.635,1,24
0.635,2,24
0.635,3,24
0.635,4,24
0.635,5,24
0.635,6,24
0.635,7,24
0.635,8,24
0.635,9,24
0.635,10,24
0.635,11,24
0.635,12,24
0.635,13,24
0.635,14,24
0.635,15,24
0.635,16,24
0.635,17,24
0.635,18,24
0.635,19,24
0.635,20,24
0.635,21,24
0.635,22,24
0.635,23,24
0.635,24,24
0.635,25,24
0.635,0,25
0.635,1,25
0.635,2,25
0.635,3,25
0.635,4,25
0.635,5,25
0.635,6,25
0.635,7,25
0.635,8,25
0.635,9,25
0.635,10,25
0.635,11,25
0.635,12,25
0.635,13,25
0.635,14,25
0.635,15,25
0.635,16,25
0.635,17,25
0.635,18,25
0.635,19,25
0.635,20,25
0.635,21,25
0.635,22,25
0.635,23,25
0.635,24,25
0.635,25,25
1.27,0,0
1.27,1,0
1.27,2,0
1.27,3,0
1.27,4,0
1.27,5,0
1.27,6,0
1.27,7,0
1.27,8,0
1.27,9,0
1.27,10,0
1.27,11,0
1.27,12,0
1.27,13,0
1.27,14,0
1.27,15,0
1.27,16,0
1.27,17,0
1.27,18,0
1.27,19,0
1.27,20,0
1.27,21,0
1.27,22,0
1.27,23,0
1.27,24,0
1.27,25,0
1.27,0,1
1.27,1,1
1.27,2,1
1.27,3,1
1.27,4,1
1.27,5,1
1.27,6,1
1.27,7,1
1.27,8,1
1.27,9,1
1.27,10,1
1.27,11,1
1.27,12,1
1.27,13,1
1.27,14,1
1.27,15,1
1.27,16,1
1.27,17,1
1.27,18,1
1.27,19,1
1.27,20,1
1.27,21,1
1.27,22,1
1.27,23,1
1.27,24,1
1.27,25,1
1.27,0,2
1.27,1,2
1.27,2,2
1.27,3,2
1.27,4,2
1.27,5,2
1.27,6,2
1.27,7,2
1.27,8,2
1.27,9,2
1.27,10,2
1.27,11,2
1.27,12,2
1.27,13,2
1.27,14,2
1.27,15,2
1.27,16,2
1.27,17,2
1.27,18,2
1.27,19,2
1.27,20,2
1.27,21,2
1.27,22,2
1.27,23,2
1.27,24,2
1.27,25,2
1.27,0,3
1.27,1,3
1.27,2,3
1.27,3,3
1.27,4,3
1.27,5,3
1.27,6,3
1.27,7,3
1.27,8,3
1.27,9,3
1.27,10,3
1.27,11,3
1.27,12,3
1.27,13,3
1.27,14,3
1.27,15,3
1.27,16,3
1.27,17,3
1.27,18,3
1.27,19,3
1.27,20,3
1.27,21,3
1.27,22,3
1.27,23,3
1.27,24,3
1.27,25,3
1.27,0,4
1.27,1,4
1.27,2,4
1.27,3,4
1.27,4,4
1.27,5,4
1.27,6,4
1.27,7,4
1.27,8,4
1.27,9,4
1.27,10,4
1.27,11,4
1.27,12,4
1.27,13,4
1.27,14,4
1.27,15,4
1.27,16,4
1.27,17,4
1.27,18,4
1.27,19,4
1.27,20,4
1.27,21,4
1.27,22,4
1.27,23,4
1.27,24,4
1.27,25,4
1.27,0,5
1.27,1,5
1.27,2,5
1.27,3,5
1.27,4,5
1.27,5,5
1.27,6,5
1.27,7,5
1.27,8,5
1.27,9,5
1.27,10,5
1.27,11,5
1.27,12,5
1.27,13,5
1.27,14,5
1.27,15,5
1.27,16,5
1.27,17,5
1.27,18,5
1.27,19,5
1.27,20,5
1.27,21,5
1.27,22,5
1.27,23,5
1.27,24,5
1.27,25,5
1.27,0,6
1.27,1,6
1.27,2,6
1.27,3,6
1.27,4,6
1.27,5,6
1.27,6,6
1.27,7,6
1.27,8,6
1.27,9,6
1.27,10,6
1.27,11,6
1.27,12,6
1.27,13,6
1.27,14,6
1.27,15,6
1.27,16,6
1.27,17,6
1.27,18,6
1.27,19,6
1.27,20,6
1.27,21,6
1.27,22,6
1.27,23,6
1.27,24,6
1.27,25,6
1.27,0,7
1.27,1,7
1.27,2,7
1.27,3,7
1.27,4,7
1.27,5,7
1.27,6,7
1.27,7,7
1.27,8,7
1.27,9,7
1.27,10,7
1.27,11,7
1.27,12,7
1.27,13,7
1.27,14,7
1.27,15,7
1.27,16,7
1.27,17,7
1.27,18,7
1.27,19,7
1.27,20,7
1.27,21,7
1.27,22,7
1.27,23,7
1.27,24,7
1.27,25,7
1.27,0,8
1.27,1,8
1.27,2,8
1.27,3,8
1.27,4,8
1.27,5,8
1.27,6,8
1.27,7,8
1.27,8,8
1.27,9,8
1.27,10,8
1.27,11,8
1.27,12,8
1.27,13,8
1.27,14,8
1.27,15,8
1.27,16,8
1.27,17,8
1.27,18,8
1.27,19,8
1.27,20,8
1.27,21,8
1.27,22,8
1.27,23,8
1.27,24,8
1.27,25,8
1.27,0,9
1.27,1,9
1.27,2,9
1.27,3,9
1.27,4,9
1.27,5,9
1.27,6,9
1.27,7,9
1.27,8,9
1.27,9,9
1.27,10,9
1.27,11,9
1.27,12,9
1.27,13,9
1.27,14,9
1.27,15,9
1.27,16,9
1.27,17,9
1.27,18,9
1.27,19,9
1.27,20,9
1.27,21,9
1.27,22,9
1.27,23,9
1.27,24,9
1.27,25,9
1.27,0,10
1.27,1,10
1.27,2,10
1.27,3,10
1.27,4,10
1.27,5,10
1.27,6,10
1.27,7,10
1.27,8,10
1.27,9,10
1.27,10,10
1.27,11,10
1.27,12,10
1.27,13,10
1.27,14,10
1.27,15,10
1.27,16,10
1.27,17,10
1.27,18,10
1.27,19,10
1.27,20,10
1.27,21,10
1.27,22,10
1.27,23,10
1.27,24,10
1.27,25,10
1.27,0,11
1.27,1,11
1.27,2,11
1.27,3,11
1.27,4,11
1.27,5,11
1.27,6,11
1.27,7,11
1.27,8,11
1.27,9,11
1.27,10,11
1.27,11,11
1.27,12,11
1.27,13,11
1.27,14,11
1.27,15,11
1.27,16,11
1.27,17,11
1.27,18,11
1.27,19,11
1.27,20,11
1.27,21,11
1.27,22,11
1.27,23,11
1.27,24,11
1.27,25,11
1.27,0,12
1.27,1,12
1.27,2,12
1.27,3,12
1.27,4,12
1.27,5,12
1.27,6,12
1.27,7,12
1.27,8,12
1.27,9,12
1.27,10,12
1.27,11,12
1.27,12,12
1.27,13,12
1.27,14,12
1.27,15,12
1.27,16,12
1.27,17,12
1.27,18,12
1.27,19,12
1.27,20,12
1.27,21,12
1.27,22,12
1.27,23,12
1.27,24,12
1.27,25,12
1.27,0,13
1.27,1,13
1.27,2,13
1.27,3,13
1.27,4,13
1.27,5,13
1.27,6,13
1.27,7,13
1.27,8,13
1.27,9,13
1.27,10,13
1.27,11,13
1.27,12,13
1.27,13,13
1.27,14,13
1.27,15,13
1.27,16,13
1.27,17,13
1.27,18,13
1.27,19,13
1.27,20,13
1.27,21,13
1.27,22,13
1.27,23,13
1.27,24,13
1.27,25,13
1.27,0,14
1.27,1,14
1.27,2,14
1.27,3,14
1.27,4,14
1.27,5,14
1.27,6,14
1.27,7,14
1.27,8,14
1.27,9,14
1.27,10,14
1.27,11,14
1.27,12,14
1.27,13,14
1.27,14,14
1.27,15,14
1.27,16,14
1.27,17,14
1.27,18,14
1.27,19,14
1.27,20,14
1.27,21,14
1.27,22,14
1.27,23,14
1.27,24,14
1.27,25,14
1.27,0,15
1.27,1,15
1.27,2,15
1.27,3,15
1.27,4,15
1.27,5,15
1.27,6,15
1.27,7,15
1.27,8,15
1.27,9,15
1.27,10,15
1.27,11,15
1.27,12,15
1.27,13,15
1.27,14,15
1.27,15,15
1.27,16,15
1.27,17,15
1.27,18,15
1.27,19,15
1.27,20,15
1.27,21,15
1.27,22,15
1.27,23,15
1.27,24,15
1.27,25,15
1.27,0,16
1.27,1,16
1.27,2,16
1.27,3,16
1.27,4,16
1.27,5,16
1.27,6,16
1.27,7,16
1.27,8,16
1.27,9,16
1.27,10,16
1.27,11,16
1.27,12,16
1.27,13,16
1.27,14,16
1.27,15,16
1.27,16,16
1.27,17,16
1.27,18,16
1.27,19,16
1.27,20,16
1.27,21,16
1.27,22,16
1.27,23,16
1.27,24,16
1.27,25,16
1.27,0,17
1.27,1,17
1.27,2,17
1.27,3,17
1.27,4,17
1.27,5,17
1.27,6,17
1.27,7,17
1.27,8,17
1.27,9,17
1.27,10,17
1.27,11,17
1.27,12,17
1.27,13,17
1.27,14,17
1.27,15,17
1.27,16,17
1.27,17,17
1.27,18,17
1.27,19,17
1.27,20,17
1.27,21,17
1.27,22,17
1.27,23,17
1.27,24,17
1.27,25,17
1.27,0,18
1.27,1,18
1.27,2,18
1.27,3,18
1.27,4,18
1.27,5,18
1.27,6,18
1.27,7,18
1.27,8,18
1.27,9,18
1.27,10,18
1.27,11,18
1.27,12,18
1.27,13,18
1.27,14,18
1.27,15,18
1.27,16,18
1.27,17,18
1.27,18,18
1.27,19,18
1.27,20,18
1.27,21,18
1.27,22,18
1.27,23,18
1.27,24,18
1.27,25,18
1.27,0,19
1.27,1,19
1.27,2,19
1.27,3,19
1.27,4,19
1.27,5,19
1.27,6,19
1.27,7,19
1.27,8,19
1.27,9,19
1.27,10,19
1.27,11,19
1.27,12,19
1.27,13,19
1.27,14,19
1.27,15,19
1.27,16,19
1.27,17,19
1.27,18,19
1.27,19,19
1.27,20,19
1.27,21,19
1.27,22,19
1.27,23,19
1.27,24,19
1.27,25,19
1.27,0,20
1.27,1,20
1.27,2,20
1.27,3,20
1.27,4,20
1.27,5,20
1.27,6,20
1.27,7,20
1.27,8,20
1.27,9,20
1.27,10,20
1.27,11,20
1.27,12,20
1.27,13,20
1.27,14,20
1.27,15,20
1.27,16,20
1.27,17,20
1.27,18,20
1.27,19,20
1.27,20,20
1.27,21,20
1.27,22,20
1.27,23,20
1.27,24,20
1.27,25,20
1.27,0,21
1.27,1,21
1.27,2,21
1.27,3,21
1.27,4,21
1.27,5,21
1.27,6,21
1.27,7,21
1.27,8,21
1.27,9,21
1.27,10,21
1.27,11,21
1.27,12,21
1.27,13,21
1.27,14,21
1.27,15,21
1.27,16,21
1.27,17,21
1.27,18,21
1.27,19,21
1.27,20,21
1.27,21,21
1.27,22,21
1.27,23,21
1.27,24,21
1.27,25,21
1.27,0,22
1.27,1,22
1.27,2,22
1.27,3,22
1.27,4,22
1.27,5,22
1.27,6,22
1.27,7,22
1.27,8,22
1.27,9,22
1.27,10,22
1.27,11,22
1.27,12,22
1.27,13,22
1.27,14,22
1.27,15,22
1.27,16,22
1.27,17,22
1.27,18,22
1.27,19,22
1.27,20,22
1.27,21,22
1.27,22,22
1.27,23,22
1.27,24,22
1.27,25,22
1.27,0,23
1.27,1,23
1.27,2,23
1.27,3,23
1.27,4,23
1.27,5,23
1.27,6,23
1.27,7,23
1.27,8,23
1.27,9,23
1.27,10,23
1.27,11,23
1.27,12,23
1.27,13,23
1.27,14,23
1.27,15,23
1.27,16,23
1.27,17,23
1.27,18,23
1.27,19,23
1.27,20,23
1.27,21,23
1.27,22,23
1.27,23,23
1.27,24,23
1.27,25,23
1.27,0,24
1.27,1,24
1.27,2,24
1.27,3,24
1.27,4,24
1.27,5,24
1.27,6,24
1.27,7,24
1.27,8,24
1.27,9,24
1.27,10,24
1.27,11,24
1.27,12,24
1.27,13,24
1.27,14,24
1.27,15,24
1.27,16,24
1.27,17,24
1.27,18,24
1.27,19,24
1.27,20,24
1.27,21,24
1.27,22,24
1.27,23,24
1.27,24,24
1.27,25,24
1.27,0,25
1.27,1,25
1.27,2,25
1.27,3,25
1.27,4,25
1.27,5,25
1.27,6,25
1.27,7,25
1.27,8,25
1.27,9,25
1.27,10,25
1.27,11,25
1.27,12,25
1.27,13,25
1.27,14,25
1.27,15,25
1.27,16,25
1.27,17,25
1.27,18,25
1.27,19,25
1.27,20,25
1.27,21,25
1.27,22,25
1.27,23,25
1.27,24,25
1.27,25,25
1.905,0,0
1.905,1,0
1.905,2,0
1.905,3,0
1.905,4,0
1.905,5,0
1.905,6,0
1.905,7,0
1.905,8,0
1.905,9,0
1.905,10,0
1.905,11,0
1.905,12,0
1.905,13,0
1.905,14,0
1.905,15,0
1.905,16,0
1.905,17,0
1.905,18,0
1.905,19,0
1.905,20,0
1.905,21,0
1.905,22,0
1.905,23,0
1.905,24,0
1.905,25,0
1.905,0,1
1.905,1,1
1.905,2,1
1.905,3,1
1.905,4,1
1.905,5,1
1.905,6,1
1.905,7,1
1.905,8,1
1.905,9,1
1.905,10,1
1.905,11,1
1.905,12,1
1.905,13,1
1.905,14,1
1.905,15,1
1.905,16,1
1.905,17,1
1.905,18,1
1.905,19,1
1.905,20,1
1.905,21,1
1.905,22,1
1.905,23,1
1.905,24,1
1.905,25,1
1.905,0,2
1.905,1,2
1.905,2,2
1.905,3,2
1.905,4,2
1.905,5,2
1.905,6,2
1.905,7,2
1.905,8,2
1.905,9,2
1.905,10,2
1.905,11,2
1.905,12,2
1.905,13,2
1.905,14,2
1.905,15,2
1.905,16,2
1.905,17,2
1.905,18,2
1.905,19,2
1.905,20,2
1.905,21,2
1.905,22,2
1.905,23,2
1.905,24,2
1.905,25,2
1.905,0,3
1.905,1,3
1.905,2,3
1.905,3,3
1.905,4,3
1.905,5,3
1.905,6,3
1.905,7,3
1.905,8,3
1.905,9,3
1.905,10,3
1.905,11,3
1.905,12,3
1.905,13,3
1.905,14,3
1.905,15,3
1.905,16,3
1.905,17,3
1.905,18,3
1.905,19,3
1.905,20,3
1.905,21,3
1.905,22,3
1.905,23,3
1.905,24,3
1.905,25,3
1.905,0,4
1.905,1,4
1.905,2,4
1.905,3,4
1.905,4,4
1.905,5,4
1.905,6,4
1.905,7,4
1.905,8,4
1.905,9,4
1.905,10,4
1.905,11,4
1.905,12,4
1.905,13,4
1.905,14,4
1.905,15,4
1.905,16,4
1.905,17,4
1.905,18,4
1.905,19,4
1.905,20,4
1.905,21,4
1.905,22,4
1.905,23,4
1.905,24,4
1.905,25,4
1.905,0,5
1.905,1,5
1.905,2,5
1.905,3,5
1.905,4,5
1.905,5,5
1.905,6,5
1.905,7,5
1.905,8,5
1.905,9,5
1.905,10,5
1.905,11,5
1.905,12,5
1.905,13,5
1.905,14,5
1.905,15,5
1.905,16,5
1.905,17,5
1.905,18,5
1.905,19,5
1.905,20,5
1.905,21,5
1.905,22,5
1.905,23,5
1.905,24,5
1.905,25,5
1.905,0,6
1.905,1,6
1.905,2,6
1.905,3,6
1.905,4,6
1.905,5,6
1.905,6,6
1.905,7,6
1.905,8,6
1.905,9,6
1.905,10,6
1.905,11,6
1.905,12,6
1.905,13,6
1.905,14,6
1.905,15,6
1.905,16,6
1.905,17,6
1.905,18,6
1.905,19,6
1.905,20,6
1.905,21,6
1.905,22,6
1.905,23,6
1.905,24,6
1.905,25,6
1.905,0,7
1.905,1,7
1.905,2,7
1.905,3,7
1.905,4,7
1.905,5,7
1.905,6,7
1.905,7,7
1.905,8,7
1.905,9,7
1.905,10,7
1.905,11,7
1.905,12,7
1.905,13,7
1.905,14,7
1.905,15,7
1.905,16,7
1.905,17,7
1.905,18,7
1.905,19,7
1.905,20,7
1.905,21,7
1.905,22,7
1.905,23,7
1.905,24,7
1.905,25,7
1.905,0,8
1.905,1,8
1.905,2,8
1.905,3,8
1.905,4,8
1.905,5,8
1.905,6,8
1.905,7,8
1.905,8,8
1.905,9,8
1.905,10,8
1.905,11,8
1.905,12,8
1.905,13,8
1.905,14,8
1.905,15,8
1.905,16,8
1.905,17,8
1.905,18,8
1.905,19,8
1.905,20,8
1.905,21,8
1.905,22,8
1.905,23,8
1.905,24,8
1.905,25,8
1.905,0,9
1.905,1,9
1.905,2,9
1.905,3,9
1.905,4,9
1.905,5,9
1.905,6,9
1.905,7,9
1.905,8,9
1.905,9,9
1.905,10,9
1.905,11,9
1.905,12,9
1.905,13,9
1.905,14,9
1.905,15,9
1.905,16,9
1.905,17,9
1.905,18,9
1.905,19,9
1.905,20,9
1.905,21,9
1.905,22,9
1.905,23,9
1.905,24,9
1.905,25,9
1.905,0,10
1.905,1,10
1.905,2,10
1.905,3,10
1.905,4,10
1.905,5,10
1.905,6,10
1.905,7,10
1.905,8,10
1.905,9,10
1.905,10,10
1.905,11,10
1.905,12,10
1.905,13,10
1.905,14,10
1.905,15,10
1.905,16,10
1.905,17,10
1.905,18,10
1.905,19,10
1.905,20,10
1.905,21,10
1.905,22,10
1.905,23,10
1.905,24,10
1.905,25,10
1.905,0,11
1.905,1,11
1.905,2,11
1.905,3,11
1.905,4,11
1.905,5,11
1.905,6,11
1.905,7,11
1.905,8,11
1.905,9,11
1.905,10,11
1.905,11,11
1.905,12,11
1.905,13,11
1.905,14,11
1.905,15,11
1.905,16,11
1.905,17,11
1.905,18,11
1.905,19,11
1.905,20,11
1.905,21,11
1.905,22,11
1.905,23,11
1.905,24,11
1.905,25,11
1.905,0,12
1.905,1,12
1.905,2,12
1.905,3,12
1.905,4,12
1.905,5,12
1.905,6,12
1.905,7,12
1.905,8,12
1.905,9,12
1.905,10,12
1.905,11,12
1.905,12,12
1.905,13,12
1.905,14,12
1.905,15,12
1.905,16,12
1.905,17,12
1.905,18,12
1.905,19,12
1.905,20,12
1.905,21,12
1.905,22,12
1.905,23,12
1.905,24,12
1.905,25,12
1.905,0,13
1.905,1,13
1.905,2,13
1.905,3,13
1.905,4,13
1.905,5,13
1.905,6,13
1.905,7,13
1.905,8,13
1.905,9,13
1.905,10,13
1.905,11,13
1.905,12,13
1.905,13,13
1.905,14,13
1.905,15,13
1.905,16,13
1.905,17,13
1.905,18,13
1.905,19,13
1.905,20,13
1.905,21,13
1.905,22,13
1.905,23,13
1.905,24,13
1.905,25,13
1.905,0,14
1.905,1,14
1.905,2,14
1.905,3,14
1.905,4,14
1.905,5,14
1.905,6,14
1.905,7,14
1.905,8,14
1.905,9,14
1.905,10,14
1.905,11,14
1.905,12,14
1.905,13,14
1.905,14,14
1.905,15,14
1.905,16,14
1.905,17,14
1.905,18,14
1.905,19,14
1.905,20,14
1.905,21,14
1.905,22,14
1.905,23,14
1.905,24,14
1.905,25,14
1.905,0,15
1.905,1,15
1.905,2,15
1.905,3,15
1.905,4,15
1.905,5,15
1.905,6,15
1.905,7,15
1.905,8,15
1.905,9,15
1.905,10,15
1.905,11,15
1.905,12,15
1.905,13,15
1.905,14,15
1.905,15,15
1.905,16,15
1.905,17,15
1.905,18,15
1.905,19,15
1.905,20,15
1.905,21,15
1.905,22,15
1.905,23,15
1.905,24,15
1.905,25,15
1.905,0,16
1.905,1,16
1.905,2,16
1.905,3,16
1.905,4,16
1.905,5,16
1.905,6,16
1.905,7,16
1.905,8,16
1.905,9,16
1.905,10,16
1.905,11,16
1.905,12,16
1.905,13,16
1.905,14,16
1.905,15,16
1.905,16,16
1.905,17,16
1.905,18,16
1.905,19,16
1.905,20,16
1.905,21,16
1.905,22,16
1.905,23,16
1.905,24,16
1.905,25,16
1.905,0,17
1.905,1,17
1.905,2,17
1.905,3,17
1.905,4,17
1.905,5,17
1.905,6,17
1.905,7,17
1.905,8,17
1.905,9,17
1.905,10,17
1.905,11,17
1.905,12,17
1.905,13,17
1.905,14,17
1.905,15,17
1.905,16,17
1.905,17,17
1.905,18,17
1.905,19,17
1.905,20,17
1.905,21,17
1.905,22,17
1.905,23,17
1.905,24,17
1.905,25,17
1.905,0,18
1.905,1,18
1.905,2,18
1.905,3,18
1.905,4,18
1.905,5,18
1.905,6,18
1.905,7,18
1.905,8,18
1.905,9,18
1.905,10,18
1.905,11,18
1.905,12,18
1.905,13,18
1.905,14,18
1.905,15,18
1.905,16,18
1.905,17,18
1.905,18,18
1.905,19,18
1.905,20,18
1.905,21,18
1.905,22,18
1.905,23,18
1.905,24,18
1.905,25,18
1.905,0,19
1.905,1,19
1.905,2,19
1.905,3,19
1.905,4,19
1.905,5,19
1.905,6,19
1.905,7,19
1.905,8,19
1.905,9,19
1.905,10,19
1.905,11,19
1.905,12,19
1.905,13,19
1.905,14,19
1.905,15,19
1.905,16,19
1.905,17,19
1.905,18,19
1.905,19,19
1.905,20,19
1.905,21,19
1.905,22,19
1.905,23,19
1.905,24,19
1.905,25,19
1.905,0,20
1.905,1,20
1.905,2,20
1.905,3,20
1.905,4,20
1.905,5,20
1.905,6,20
1.905,7,20
1.905,8,20
1.905,9,20
1.905,10,20
1.905,11,20
1.905,12,20
1.905,13,20
1.905,14,20
1.905,15,20
1.905,16,20
1.905,17,20
1.905,18,20
1.905,19,20
1.905,20,20
1.905,21,20
1.905,22,20
1.905,23,20
1.905,24,20
1.905,25,20
1.905,0,21
1.905,1,21
1.905,2,21
1.905,3,21
1.905,4,21
1.905,5,21
1.905,6,21
1.905,7,21
1.905,8,21
1.905,9,21
1.905,10,21
1.905,11,21
1.905,12,21
1.905,13,21
1.905,14,21
1.905,15,21
1.905,16,21
1.905,17,21
1.905,18,21
1.905,19,21
1.905,20,21
1.905,21,21
1.905,22,21
1.905,23,21
1.905,24,21
1.905,25,21
1.905,0,22
1.905,1,22
1.905,2,22
1.905,3,22
1.905,4,22
1.905,5,22
1.905,6,22
1.905,7,22
1.905,8,22
1.905,9,22
1.905,10,22
1.905,11,22
1.905,12,22
1.905,13,22
1.905,14,22
1.905,15,22
1.905,16,22
1.905,17,22
1.905,18,22
1.905,19,22
1.905,20,22
1.905,21,22
1.905,22,22
1.905,23,22
1.905,24,22
1.905,25,22
1.905,0,23
1.905,1,23
1.905,2,23
1.905,3,23
1.905,4,23
1.905,5,23
1.905,6,23
1.905,7,23
1.905,8,23
1.905,9,23
1.905,10,23
1.905,11,23
1.905,12,23
1.905,13,23
1.905,14,23
1.905,15,23
1.905,16,23
1.905,17,23
1.905,18,23
1.905,19,23
1.905,20,23
1.905,21,23
1.905,22,23
1.905,23,23
1.905,24,23
1.905,25,23
1.905,0,24
1.905,1,24
1.905,2,24
1.905,3,24
1.905,4,24
1.905,5,24
1.905,6,24
1.905,7,24
1.905,8,24
1.905,9,24
1.905,10,24
1.905,11,24
1.905,12,24
1.905,13,24
1.905,14,24
1.905,15,24
1.905,16,24
1.905,17,24
1.905,18,24
1.905,19,24
1.905,20,24
1.905,21,24
1.905,22,24
1.905,23,24
1.905,24,24
1.905,25,24
1.905,0,25
1.905,1,25
1.905,2,25
1.905,3,25
1.905,4,25
1.905,5,25
1.905,6,25
1.905,7,25
1.905,8,25
1.905,9,25
1.905,10,25
1.905,11,25
1.905,12,25
1.905,13,25
1.905,14,25
1.905,15,25
1.905,16,25
1.905,17,25
1.905,18,25
1.905,19,25
1.905,20,25
1.905,21,25
1.905,22,25
1.905,23,25
1.905,24,25
1.905,25,25
2.54,0,0
2.54,1,0
2.54,2,0
2.54,3,0
2.54,4,0
2.54,5,0
2.54,6,0
2.54,7,0
2.54,8,0
2.54,9,0
2.54,10,0
2.54,11,0
2.54,12,0
2.54,13,0
2.54,14,0
2.54,15,0
2.54,16,0
2.54,17,0
2.54,18,0
2.54,19,0
2.54,20,0
2.54,21,0
2.54,22,0
2.54,23,0
2.54,24,0
2.54,25,0
2.54,0,1
2.54,1,1
2.54,2,1
2.54,3,1
2.54,4,1
2.54,5,1
2.54,6,1
2.54,7,1
2.54,8,1
2.54,9,1
2.54,10,1
2.54,11,1
2.54,12,1
2.54,13,1
2.54,14,1
2.54,15,1
2.54,16,1
2.54,17,1
2.54,18,1
2.54,19,1
2.54,20,1
2.54,21,1
2.54,22,1
2.54,23,1
2.54,24,1
2.54,25,1
2.54,0,2
2.54,1,2
2.54,2,2
2.54,3,2
2.54,4,2
2.54,5,2
2.54,6,2
2.54,7,2
2.54,8,2
2.54,9,2
2.54,10,2
2.54,11,2
2.54,12,2
2.54,13,2
2.54,14,2
2.54,15,2
2.54,16,2
2.54,17,2
2.54,18,2
2.54,19,2
2.54,20,2
2.54,21,2
2.54,22,2
2.54,23,2
2.54,24,2
2.54,25,2
2.54,0,3
2.54,1,3
2.54,2,3
2.54,3,3
2.54,4,3
2.54,5,3
2.54,6,3
2.54,7,3
2.54,8,3
2.54,9,3
2.54,10,3
2.54,11,3
2.54,12,3
2.54,13,3
2.54,14,3
2.54,15,3
2.54,16,3
2.54,17,3
2.54,18,3
2.54,19,3
2.54,20,3
2.54,21,3
2.54,22,3
2.54,23,3
2.54,24,3
2.54,25,3
2.54,0,4
2.54,1,4
2.54,2,4
2.54,3,4
2.54,4,4
2.54,5,4
2.54,6,4
2.54,7,4
2.54,8,4
2.54,9,4
2.54,10,4
2.54,11,4
2.54,12,4
2.54,13,4
2.54,14,4
2.54,15,4
2.54,16,4
2.54,17,4
2.54,18,4
2.54,19,4
2.54,20,4
2.54,21,4
2.54,22,4
2.54,23,4
2.54,24,4
2.54,25,4
2.54,0,5
2.54,1,5
2.54,2,5
2.54,3,5
2.54,4,5
2.54,5,5
2.54,6,5
2.54,7,5
2.54,8,5
2.54,9,5
2.54,10,5
2.54,11,5
2.54,12,5
2.54,13,5
2.54,14,5
2.54,15,5
2.54,16,5
2.54,17,5
2.54,18,5
2.54,19,5
2.54,20,5
2.54,21,5
2.54,22,5
2.54,23,5
2.54,24,5
2.54,25,5
2.54,0,6
2.54,1,6
2.54,2,6
2.54,3,6
2.54,4,6
2.54,5,6
2.54,6,6
2.54,7,6
2.54,8,6
2.54,9,6
2.54,10,6
2.54,11,6
2.54,12,6
2.54,13,6
2.54,14,6
2.54,15,6
2.54,16,6
2.54,17,6
2.54,18,6
2.54,19,6
2.54,20,6
2.54,21,6
2.54,22,6
2.54,23,6
2.54,24,6
2.54,25,6
2.54,0,7
2.54,1,7
2.54,2,7
2.54,3,7
2.54,4,7
2.54,5,7
2.54,6,7
2.54,7,7
2.54,8,7
2.54,9,7
2.54,10,7
2.54,11,7
2.54,12,7
2.54,13,7
2.54,14,7
2.54,15,7
2.54,16,7
2.54,17,7
2.54,18,7
2.54,19,7
2.54,20,7
2.54,21,7
2.54,22,7
2.54,23,7
2.54,24,7
2.54,25,7
2.54,0,8
2.54,1,8
2.54,2,8
2.54,3,8
2.54,4,8
2.54,5,8
2.54,6,8
2.54,7,8
2.54,8,8
2.54,9,8
2.54,10,8
2.54,11,8
2.54,12,8
2.54,13,8
2.54,14,8
2.54,15,8
2.54,16,8
2.54,17,8
2.54,18,8
2.54,19,8
2.54,20,8
2.54,21,8
2.54,22,8
2.54,23,8
2.54,24,8
2.54,25,8
2.54,0,9
2.54,1,9
2.54,2,9
2.54,3,9
2.54,4,9
2.54,5,9
2.54,6,9
2.54,7,9
2.54,8,9
2.54,9,9
2.54,10,9
2.54,11,9
2.54,12,9
2.54,13,9
2.54,14,9
2.54,15,9
2.54,16,9
2.54,17,9
2.54,18,9
2.54,19,9
2.54,20,9
2.54,21,9
2.54,22,9
2.54,23,9
2.54,24,9
2.54,25,9
2.54,0,10
2.54,1,10
2.54,2,10
2.54,3,10
2.54,4,10
2.54,5,10
2.54,6,10
2.54,7,10
2.54,8,10
2.54,9,10
2.54,10,10
2.54,11,10
2.54,12,10
2.54,13,10
2.54,14,10
2.54,15,10
2.54,16,10
2.54,17,10
2.54,18,10
2.54,19,10
2.54,20,10
2.54,21,10
2.54,22,10
2.54,23,10
2.54,24,10
2.54,25,10
2.54,0,11
2.54,1,11
2.54,2,11
2.54,3,11
2.54,4,11
2.54,5,11
2.54,6,11
2.54,7,11
2.54,8,11
2.54,9,11
2.54,10,11
2.54,11,11
2.54,12,11
2.54,13,11
2.54,14,11
2.54,15,11
2.54,16,11
2.54,17,11
2.54,18,11
2.54,19,11
2.54,20,11
2.54,21,11
2.54,22,11
2.54,23,11
2.54,24,11
2.54,25,11
2.54,0,12
2.54,1,12
2.54,2,12
2.54,3,12
2.54,4,12
2.54,5,12
2.54,6,12
2.54,7,12
2.54,8,12
2.54,9,12
2.54,10,12
2.54,11,12
2.54,12,12
2.54,13,12
2.54,14,12
2.54,15,12
2.54,16,12
2.54,17,12
2.54,18,12
2.54,19,12
2.54,20,12
2.54,21,12
2.54,22,12
2.54,23,12
2.54,24,12
2.54,25,12
2.54,0,13
2.54,1,13
2.54,2,13
2.54,3,13
2.54,4,13
2.54,5,13
2.54,6,13
2.54,7,13
2.54,8,13
2.54,9,13
2.54,10,13
2.54,11,13
2.54,12,13
2.54,13,13
2.54,14,13
2.54,15,13
2.54,16,13
2.54,17,13
2.54,18,13
2.54,19,13
2.54,20,13
2.54,21,13
2.54,22,13
2.54,23,13
2.54,24,13
2.54,25,13
2.54,0,14
2.54,1,14
2.54,2,14
2.54,3,14
2.54,4,14
2.54,5,14
2.54,6,14
2.54,7,14
2.54,8,14
2.54,9,14
2.54,10,14
2.54,11,14
2.54,12,14
2.54,13,14
2.54,14,14
2.54,15,14
2.54,16,14
2.54,17,14
2.54,18,14
2.54,19,14
2.54,20,14
2.54,21,14
2.54,22,14
2.54,23,14
2.54,24,14
2.54,25,14
2.54,0,15
2.54,1,15
2.54,2,15
2.54,3,15
2.54,4,15
2.54,5,15
2.54,6,15
2.54,7,15
2.54,8,15
2.54,9,15
2.54,10,15
2.54,11,15
2.54,12,15
2.54,13,15
2.54,14,15
2.54,15,15
2.54,16,15
2.54,17,15
2.54,18,15
2.54,19,15
2.54,20,15
2.54,21,15
2.54,22,15
2.54,23,15
2.54,24,15
2.54,25,15
2.54,0,16
2.54,1,16
2.54,2,16
2.54,3,16
2.54,4,16
2.54,5,16
2.54,6,16
2.54,7,16
2.54,8,16
2.54,9,16
2.54,10,16
2.54,11,16
2.54,12,16
2.54,13,16
2.54,14,16
2.54,15,16
2.54,16,16
2.54,17,16
2.54,18,16
2.54,19,16
2.54,20,16
2.54,21,16
2.54,22,16
2.54,23,16
2.54,24,16
2.54,25,16
2.54,0,17
2.54,1,17
2.54,2,17
2.54,3,17
2.54,4,17
2.54,5,17
2.54,6,17
2.54,7,17
2.54,8,17
2.54,9,17
2.54,10,17
2.54,11,17
2.54,12,17
2.54,13,17
2.54,14,17
2.54,15,17
2.54,16,17
2.54,17,17
2.54,18,17
2.54,19,17
2.54,20,17
2.54,21,17
2.54,22,17
2.54,23,17
2.54,24,17
2.54,25,17
2.54,0,18
2.54,1,18
2.54,2,18
2.54,3,18
2.54,4,18
2.54,5,18
2.54,6,18
2.54,7,18
2.54,8,18
2.54,9,18
2.54,10,18
2.54,11,18
2.54,12,18
2.54,13,18
2.54,14,18
2.54,15,18
2.54,16,18
2.54,17,18
2.54,18,18
2.54,19,18
2.54,20,18
2.54,21,18
2.54,22,18
2.54,23,18
2.54,24,18
2.54,25,18
2.54,0,19
2.54,1,19
2.54,2,19
2.54,3,19
2.54,4,19
2.54,5,19
2.54,6,19
2.54,7,19
2.54,8,19
2.54,9,19
2.54,10,19
2.54,11,19
2.54,12,19
2.54,13,19
2.54,14,19
2.54,15,19
2.54,16,19
2.54,17,19
2.54,18,19
2.54,19,19
2.54,20,19
2.54,21,19
2.54,22,19
2.54,23,19
2.54,24,19
2.54,25,19
2.54,0,20
2.54,1,20
2.54,2,20
2.54,3,20
2.54,4,20
2.54,5,20
2.54,6,20
2.54,7,20
2.54,8,20
2.54,9,20
2.54,10,20
2.54,11,20
2.54,12,20
2.54,13,20
2.54,14,20
2.54,15,20
2.54,16,20
2.54,17,20
2.54,18,20
2.54,19,20
2.54,20,20
2.54,21,20
2.54,22,20
2.54,23,20
2.54,24,20
2.54,25,20
2.54,0,21
2.54,1,21
2.54,2,21
2.54,3,21
2.54,4,21
2.54,5,21
2.54,6,21
2.54,7,21
2.54,8,21
2.54,9,21
2.54,10,21
2.54,11,21
2.54,12,21
2.54,13,21
2.54,14,21
2.54,15,21
2.54,16,21
2.54,17,21
2.54,18,21
2.54,19,21
2.54,20,21
2.54,21,21
2.54,22,21
2.54,23,21
2.54,24,21
2.54,25,21
2.54,0,22
2.54,1,22
2.54,2,22
2.54,3,22
2.54,4,22
2.54,5,22
2.54,6,22
2.54,7,22
2.54,8,22
2.54,9,22
2.54,10,22
2.54,11,22
2.54,12,22
2.54,13,22
2.54,14,22
2.54,15,22
2.54,16,22
2.54,17,22
2.54,18,22
2.54,19,22
2.54,20,22
2.54,21,22
2.54,22,22
2.54,23,22
2.54,24,22
2.54,25,22
2.54,0,23
2.54,1,23
2.54,2,23
2.54,3,23
2.54,4,23
2.54,5,23
2.54,6,23
2.54,7,23
2.54,8,23
2.54,9,23
2.54,10,23
2.54,11,23
2.54,12,23
2.54,13,23
2.54,14,23
2.54,15,23
2.54,16,23
2.54,17,23
2.54,18,23
2.54,19,23
2.54,20,23
2.54,21,23
2.54,22,23
2.54,23,23
2.54,24,23
2.54,25,23
2.54,0,24
2.54,1,24
2.54,2,24
2.54,3,24
2.54,4,24
2.54,5,24
2.54,6,24
2.54,7,24
2.54,8,24
2.54,9,24
2.54,10,24
2.54,11,24
2.54,12,24
2.54,13,24
2.54,14,24
2.54,15,24
2.54,16,24
2.54,17,24
2.54,18,24
2.54,19,24
2.54,20,24
2.54,21,24
2.54,22,24
2.54,23,24
2.54,24,24
2.54,25,24
2.54,0,25
2.54,1,25
2.54,2,25
2.54,3,25
2.54,4,25
2.54,5,25
2.54,6,25
2.54,7,25
2.54,8,25
2.54,9,25
2.54,10,25
2.54,11,25
2.54,12,25
2.54,13,25
2.54,14,25
2.54,15,25
2.54,16,25
2.54,17,25
2.54,18,25
2.54,19,25
2.54,20,25
2.54,21,25
2.54,22,25
2.54,23,25
2.54,24,25
2.54,25,25
3.175,0,0
3.175,1,0
3.175,2,0
3.175,3,0
3.175,4,0
3.175,5,0
3.175,6,0
3.175,7,0
3.175,8,0
3.175,9,0
3.175,10,0
3.175,11,0
3.175,12,0
3.175,13,0
3.175,14,0
3.175,15,0
3.175,16,0
3.175,17,0
3.175,18,0
3.175,19,0
3.175,20,0
3.175,21,0
3.175,22,0
3.175,23,0
3.175,24,0
3.175,25,0
3.175,0,1
3.175,1,1
3.175,2,1
3.175,3,1
3.175,4,1
3.175,5,1
3.175,6,1
3.175,7,1
3.175,8,1
3.175,9,1
3.175,10,1
3.175,11,1
3.175,12,1
3.175,13,1
3.175,14,1
3.175,15,1
3.175,16,1
3.175,17,1
3.175,18,1
3.175,19,1
3.175,20,1
3.175,21,1
3.175,22,1
3.175,23,1
3.175,24,1
3.175,25,1
3.175,0,2
3.175,1,2
3.175,2,2
3.175,3,2
3.175,4,2
3.175,5,2
3.175,6,2
3.175,7,2
3.175,8,2
3.175,9,2
3.175,10,2
3.175,11,2
3.175,12,2
3.175,13,2
3.175,14,2
3.175,15,2
3.175,16,2
3.175,17,2
3.175,18,2
3.175,19,2
3.175,20,2
3.175,21,2
3.175,22,2
3.175,23,2
3.175,24,2
3.175,25,2
3.175,0,3
3.175,1,3
3.175,2,3
3.175,3,3
3.175,4,3
3.175,5,3
3.175,6,3
3.175,7,3
3.175,8,3
3.175,9,3
3.175,10,3
3.175,11,3
3.175,12,3
3.175,13,3
3.175,14,3
3.175,15,3
3.175,16,3
3.175,17,3
3.175,18,3
3.175,19,3
3.175,20,3
3.175,21,3
3.175,22,3
3.175,23,3
3.175,24,3
3.175,25,3
3.175,0,4
3.175,1,4
3.175,2,4
3.175,3,4
3.175,4,4
3.175,5,4
3.175,6,4
3.175,7,4
3.175,8,4
3.175,9,4
3.175,10,4
3.175,11,4
3.175,12,4
3.175,13,4
3.175,14,4
3.175,15,4
3.175,16,4
3.175,17,4
3.175,18,4
3.175,19,4
3.175,20,4
3.175,21,4
3.175,22,4
3.175,23,4
3.175,24,4
3.175,25,4
3.175,0,5
3.175,1,5
3.175,2,5
3.175,3,5
3.175,4,5
3.175,5,5
3.175,6,5
3.175,7,5
3.175,8,5
3.175,9,5
3.175,10,5
3.175,11,5
3.175,12,5
3.175,13,5
3.175,14,5
3.175,15,5
3.175,16,5
3.175,17,5
3.175,18,5
3.175,19,5
3.175,20,5
3.175,21,5
3.175,22,5
3.175,23,5
3.175,24,5
3.175,25,5
3.175,0,6
3.175,1,6
3.175,2,6
3.175,3,6
3.175,4,6
3.175,5,6
3.175,6,6
3.175,7,6
3.175,8,6
3.175,9,6
3.175,10,6
3.175,11,6
3.175,12,6
3.175,13,6
3.175,14,6
3.175,15,6
3.175,16,6
3.175,17,6
3.175,18,6
3.175,19,6
3.175,20,6
3.175,21,6
3.175,22,6
3.175,23,6
3.175,24,6
3.175,25,6
3.175,0,7
3.175,1,7
3.175,2,7
3.175,3,7
3.175,4,7
3.175,5,7
3.175,6,7
3.175,7,7
3.175,8,7
3.175,9,7
3.175,10,7
3.175,11,7
3.175,12,7
3.175,13,7
3.175,14,7
3.175,15,7
3.175,16,7
3.175,17,7
3.175,18,7
3.175,19,7
3.175,20,7
3.175,21,7
3.175,22,7
3.175,23,7
3.175,24,7
3.175,25,7
3.175,0,8
3.175,1,8
3.175,2,8
3.175,3,8
3.175,4,8
3.175,5,8
3.175,6,8
3.175,7,8
3.175,8,8
3.175,9,8
3.175,10,8
3.175,11,8
3.175,12,8
3.175,13,8
3.175,14,8
3.175,15,8
3.175,16,8
3.175,17,8
3.175,18,8
3.175,19,8
3.175,20,8
3.175,21,8
3.175,22,8
3.175,23,8
3.175,24,8
3.175,25,8
3.175,0,9
3.175,1,9
3.175,2,9
3.175,3,9
3.175,4,9
3.175,5,9
3.175,6,9
3.175,7,9
3.175,8,9
3.175,9,9
3.175,10,9
3.175,11,9
3.175,12,9
3.175,13,9
3.175,14,9
3.175,15,9
3.175,16,9
3.175,17,9
3.175,18,9
3.175,19,9
3.175,20,9
3.175,21,9
3.175,22,9
3.175,23,9
3.175,24,9
3.175,25,9
3.175,0,10
3.175,1,10
3.175,2,10
3.175,3,10
3.175,4,10
3.175,5,10
3.175,6,10
3.175,7,10
3.175,8,10
3.175,9,10
3.175,10,10
3.175,11,10
3.175,12,10
3.175,13,10
3.175,14,10
3.175,15,10
3.175,16,10
3.175,17,10
3.175,18,10
3.175,19,10
3.175,20,10
3.175,21,10
3.175,22,10
3.175,23,10
3.175,24,10
3.175,25,10
3.175,0,11
3.175,1,11
3.175,2,11
3.175,3,11
3.175,4,11
3.175,5,11
3.175,6,11
3.175,7,11
3.175,8,11
3.175,9,11
3.175,10,11
3.175,11,11
3.175,12,11
3.175,13,11
3.175,14,11
3.175,15,11
3.175,16,11
3.175,17,11
3.175,18,11
3.175,19,11
3.175,20,11
3.175,21,11
3.175,22,11
3.175,23,11
3.175,24,11
3.175,25,11
3.175,0,12
3.175,1,12
3.175,2,12
3.175,3,12
3.175,4,12
3.175,5,12
3.175,6,12
3.175,7,12
3.175,8,12
3.175,9,12
3.175,10,12
3.175,11,12
3.175,12,12
3.175,13,12
3.175,14,12
3.175,15,12
3.175,16,12
3.175,17,12
3.175,18,12
3.175,19,12
3.175,20,12
3.175,21,12
3.175,22,12
3.175,23,12
3.175,24,12
3.175,25,12
3.175,0,13
3.175,1,13
3.175,2,13
3.175,3,13
3.175,4,13
3.175,5,13
3.175,6,13
3.175,7,13
3.175,8,13
3.175,9,13
3.175,10,13
3.175,11,13
3.175,12,13
3.175,13,13
3.175,14,13
3.175,15,13
3.175,16,13
3.175,17,13
3.175,18,13
3.175,19,13
3.175,20,13
3.175,21,13
3.175,22,13
3.175,23,13
3.175,24,13
3.175,25,13
3.175,0,14
3.175,1,14
3.175,2,14
3.175,3,14
3.175,4,14
3.175,5,14
3.175,6,14
3.175,7,14
3.175,8,14
3.175,9,14
3.175,10,14
3.175,11,14
3.175,12,14
3.175,13,14
3.175,14,14
3.175,15,14
3.175,16,14
3.175,17,14
3.175,18,14
3.175,19,14
3.175,20,14
3.175,21,14
3.175,22,14
3.175,23,14
3.175,24,14
3.175,25,14
3.175,0,15
3.175,1,15
3.175,2,15
3.175,3,15
3.175,4,15
3.175,5,15
3.175,6,15
3.175,7,15
3.175,8,15
3.175,9,15
3.175,10,15
3.175,11,15
3.175,12,15
3.175,13,15
3.175,14,15
3.175,15,15
3.175,16,15
3.175,17,15
3.175,18,15
3.175,19,15
3.175,20,15
3.175,21,15
3.175,22,15
3.175,23,15
3.175,24,15
3.175,25,15
3.175,0,16
3.175,1,16
3.175,2,16
3.175,3,16
3.175,4,16
3.175,5,16
3.175,6,16
3.175,7,16
3.175,8,16
3.175,9,16
3.175,10,16
3.175,11,16
3.175,12,16
3.175,13,16
3.175,14,16
3.175,15,16
3.175,16,16
3.175,17,16
3.175,18,16
3.175,19,16
3.175,20,16
3.175,21,16
3.175,22,16
3.175,23,16
3.175,24,16
3.175,25,16
3.175,0,17
3.175,1,17
3.175,2,17
3.175,3,17
3.175,4,17
3.175,5,17
3.175,6,17
3.175,7,17
3.175,8,17
3.175,9,17
3.175,10,17
3.175,11,17
3.175,12,17
3.175,13,17
3.175,14,17
3.175,15,17
3.175,16,17
3.175,17,17
3.175,18,17
3.175,19,17
3.175,20,17
3.175,21,17
3.175,22,17
3.175,23,17
3.175,24,17
3.175,25,17
3.175,0,18
3.175,1,18
3.175,2,18
3.175,3,18
3.175,4,18
3.175,5,18
3.175,6,18
3.175,7,18
3.175,8,18
3.175,9,18
3.175,10,18
3.175,11,18
3.175,12,18
3.175,13,18
3.175,14,18
3.175,15,18
3.175,16,18
3.175,17,18
3.175,18,18
3.175,19,18
3.175,20,18
3.175,21,18
3.175,22,18
3.175,23,18
3.175,24,18
3.175,25,18
3.175,0,19
3.175,1,19
3.175,2,19
3.175,3,19
3.175,4,19
3.175,5,19
3.175,6,19
3.175,7,19
3.175,8,19
3.175,9,19
3.175,10,19
3.175,11,19
3.175,12,19
3.175,13,19
3.175,14,19
3.175,15,19
3.175,16,19
3.175,17,19
3.175,18,19
3.175,19,19
3.175,20,19
3.175,21,19
3.175,22,19
3.175,23,19
3.175,24,19
3.175,25,19
3.175,0,20
3.175,1,20
3.175,2,20
3.175,3,20
3.175,4,20
3.175,5,20
3.175,6,20
3.175,7,20
3.175,8,20
3.175,9,20
3.175,10,20
3.175,11,20
3.175,12,20
3.175,13,20
3.175,14,20
3.175,15,20
3.175,16,20
3.175,17,20
3.175,18,20
3.175,19,20
3.175,20,20
3.175,21,20
3.175,22,20
3.175,23,20
3.175,24,20
3.175,25,20
3.175,0,21
3.175,1,21
3.175,2,21
3.175,3,21
3.175,4,21
3.175,5,21
3.175,6,21
3.175,7,21
3.175,8,21
3.175,9,21
3.175,10,21
3.175,11,21
3.175,12,21
3.175,13,21
3.175,14,21
3.175,15,21
3.175,16,21
3.175,17,21
3.175,18,21
3.175,19,21
3.175,20,21
3.175,21,21
3.175,22,21
3.175,23,21
3.175,24,21
3.175,25,21
3.175,0,22
3.175,1,22
3.175,2,22
3.175,3,22
3.175,4,22
3.175,5,22
3.175,6,22
3.175,7,22
3.175,8,22
3.175,9,22
3.175,10,22
3.175,11,22
3.175,12,22
3.175,13,22
3.175,14,22
3.175,15,22
3.175,16,22
3.175,17,22
3.175,18,22
3.175,19,22
3.175,20,22
3.175,21,22
3.175,22,22
3.175,23,22
3.175,24,22
3.175,25,22
3.175,0,23
3.175,1,23
3.175,2,23
3.175,3,23
3.175,4,23
3.175,5,23
3.175,6,23
3.175,7,23
3.175,8,23
3.175,9,23
3.175,10,23
3.175,11,23
3.175,12,23
3.175,13,23
3.175,14,23
3.175,15,23
3.175,16,23
3.175,17,23
3.175,18,23
3.175,19,23
3.175,20,23
3.175,21,23
3.175,22,23
3.175,23,23
3.175,24,23
3.175,25,23
3.175,0,24
3.175,1,24
3.175,2,24
3.175,3,24
3.175,4,24
3.175,5,24
3.175,6,24
3.175,7,24
3.175,8,24
3.175,9,24
3.175,10,24
3.175,11,24
3.175,12,24
3.175,13,24
3.175,14,24
3.175,15,24
3.175,16,24
3.175,17,24
3.175,18,24
3.175,19,24
3.175,20,24
3.175,21,24
3.175,22,24
3.175,23,24
3.175,24,24
3.175,25,24
3.175,0,25
3.175,1,25
3.175,2,25
3.175,3,25
3.175,4,25
3.175,5,25
3.175,6,25
3.175,7,25
3.175,8,25
3.175,9,25
3.175,10,25
3.175,11,25
3.175,12,25
3.175,13,25
3.175,14,25
3.175,15,25
3.175,16,25
3.175,17,25
3.175,18,25
3.175,19,25
3.175,20,25
3.175,21,25
3.175,22,25
3.175,23,25
3.175,24,25
3.175,25,25
3.81,0,0
3.81,1,0
3.81,2,0
3.81,3,0
3.81,4,0
3.81,5,0
3.81,6,0
3.81,7,0
3.81,8,0
3.81,9,0
3.81,10,0
3.81,11,0
3.81,12,0
3.81,13,0
3.81,14,0
3.81,15,0
3.81,16,0
3.81,17,0
3.81,18,0
3.81,19,0
3.81,20,0
3.81,21,0
3.81,22,0
3.81,23,0
3.81,24,0
3.81,25,0
3.81,0,1
3.81,1,1
3.81,2,1
3.81,3,1
3.81,4,1
3.81,5,1
3.81,6,1
3.81,7,1
3.81,8,1
3.81,9,1
3.81,10,1
3.81,11,1
3.81,12,1
3.81,13,1
3.81,14,1
3.81,15,1
3.81,16,1
3.81,17,1
3.81,18,1
3.81,19,1
3.81,20,1
3.81,21,1
3.81,22,1
3.81,23,1
3.81,24,1
3.81,25,1
3.81,0,2
3.81,1,2
3.81,2,2
3.81,3,2
3.81,4,2
3.81,5,2
3.81,6,2
3.81,7,2
3.81,8,2
3.81,9,2
3.81,10,2
3.81,11,2
3.81,12,2
3.81,13,2
3.81,14,2
3.81,15,2
3.81,16,2
3.81,17,2
3.81,18,2
3.81,19,2
3.81,20,2
3.81,21,2
3.81,22,2
3.81,23,2
3.81,24,2
3.81,25,2
3.81,0,3
3.81,1,3
3.81,2,3
3.81,3,3
3.81,4,3
3.81,5,3
3.81,6,3
3.81,7,3
3.81,8,3
3.81,9,3
3.81,10,3
3.81,11,3
3.81,12,3
3.81,13,3
3.81,14,3
3.81,15,3
3.81,16,3
3.81,17,3
3.81,18,3
3.81,19,3
3.81,20,3
3.81,21,3
3.81,22,3
3.81,23,3
3.81,24,3
3.81,25,3
3.81,0,4
3.81,1,4
3.81,2,4
3.81,3,4
3.81,4,4
3.81,5,4
3.81,6,4
3.81,7,4
3.81,8,4
3.81,9,4
3.81,10,4
3.81,11,4
3.81,12,4
3.81,13,4
3.81,14,4
3.81,15,4
3.81,16,4
3.81,17,4
3.81,18,4
3.81,19,4
3.81,20,4
3.81,21,4
3.81,22,4
3.81,23,4
3.81,24,4
3.81,25,4
3.81,0,5
3.81,1,5
3.81,2,5
3.81,3,5
3.81,4,5
3.81,5,5
3.81,6,5
3.81,7,5
3.81,8,5
3.81,9,5
3.81,10,5
3.81,11,5
3.81,12,5
3.81,13,5
3.81,14,5
3.81,15,5
3.81,16,5
3.81,17,5
3.81,18,5
3.81,19,5
3.81,20,5
3.81,21,5
3.81,22,5
3.81,23,5
3.81,24,5
3.81,25,5
3.81,0,6
3.81,1,6
3.81,2,6
3.81,3,6
3.81,4,6
3.81,5,6
3.81,6,6
3.81,7,6
3.81,8,6
3.81,9,6
3.81,10,6
3.81,11,6
3.81,12,6
3.81,13,6
3.81,14,6
3.81,15,6
3.81,16,6
3.81,17,6
3.81,18,6
3.81,19,6
3.81,20,6
3.81,21,6
3.81,22,6
3.81,23,6
3.81,24,6
3.81,25,6
3.81,0,7
3.81,1,7
3.81,2,7
3.81,3,7
3.81,4,7
3.81,5,7
3.81,6,7
3.81,7,7
3.81,8,7
3.81,9,7
3.81,10,7
3.81,11,7
3.81,12,7
3.81,13,7
3.81,14,7
3.81,15,7
3.81,16,7
3.81,17,7
3.81,18,7
3.81,19,7
3.81,20,7
3.81,21,7
3.81,22,7
3.81,23,7
3.81,24,7
3.81,25,7
3.81,0,8
3.81,1,8
3.81,2,8
3.81,3,8
3.81,4,8
3.81,5,8
3.81,6,8
3.81,7,8
3.81,8,8
3.81,9,8
3.81,10,8
3.81,11,8
3.81,12,8
3.81,13,8
3.81,14,8
3.81,15,8
3.81,16,8
3.81,17,8
3.81,18,8
3.81,19,8
3.81,20,8
3.81,21,8
3.81,22,8
3.81,23,8
3.81,24,8
3.81,25,8
3.81,0,9
3.81,1,9
3.81,2,9
3.81,3,9
3.81,4,9
3.81,5,9
3.81,6,9
3.81,7,9
3.81,8,9
3.81,9,9
3.81,10,9
3.81,11,9
3.81,12,9
3.81,13,9
3.81,14,9
3.81,15,9
3.81,16,9
3.81,17,9
3.81,18,9
3.81,19,9
3.81,20,9
3.81,21,9
3.81,22,9
3.81,23,9
3.81,24,9
3.81,25,9
3.81,0,10
3.81,1,10
3.81,2,10
3.81,3,10
3.81,4,10
3.81,5,10
3.81,6,10
3.81,7,10
3.81,8,10
3.81,9,10
3.81,10,10
3.81,11,10
3.81,12,10
3.81,13,10
3.81,14,10
3.81,15,10
3.81,16,10
3.81,17,10
3.81,18,10
3.81,19,10
3.81,20,10
3.81,21,10
3.81,22,10
3.81,23,10
3.81,24,10
3.81,25,10
3.81,0,11
3.81,1,11
3.81,2,11
3.81,3,11
3.81,4,11
3.81,5,11
3.81,6,11
3.81,7,11
3.81,8,11
3.81,9,11
3.81,10,11
3.81,11,11
3.81,12,11
3.81,13,11
3.81,14,11
3.81,15,11
3.81,16,11
3.81,17,11
3.81,18,11
3.81,19,11
3.81,20,11
3.81,21,11
3.81,22,11
3.81,23,11
3.81,24,11
3.81,25,11
3.81,0,12
3.81,1,12
3.81,2,12
3.81,3,12
3.81,4,12
3.81,5,12
3.81,6,12
3.81,7,12
3.81,8,12
3.81,9,12
3.81,10,12
3.81,11,12
3.81,12,12
3.81,13,12
3.81,14,12
3.81,15,12
3.81,16,12
3.81,17,12
3.81,18,12
3.81,19,12
3.81,20,12
3.81,21,12
3.81,22,12
3.81,23,12
3.81,24,12
3.81,25,12
3.81,0,13
3.81,1,13
3.81,2,13
3.81,3,13
3.81,4,13
3.81,5,13
3.81,6,13
3.81,7,13
3.81,8,13
3.81,9,13
3.81,10,13
3.81,11,13
3.81,12,13
3.81,13,13
3.81,14,13
3.81,15,13
3.81,16,13
3.81,17,13
3.81,18,13
3.81,19,13
3.81,20,13
3.81,21,13
3.81,22,13
3.81,23,13
3.81,24,13
3.81,25,13
3.81,0,14
3.81,1,14
3.81,2,14
3.81,3,14
3.81,4,14
3.81,5,14
3.81,6,14
3.81,7,14
3.81,8,14
3.81,9,14
3.81,10,14
3.81,11,14
3.81,12,14
3.81,13,14
3.81,14,14
3.81,15,14
3.81,16,14
3.81,17,14
3.81,18,14
3.81,19,14
3.81,20,14
3.81,21,14
3.81,22,14
3.81,23,14
3.81,24,14
3.81,25,14
3.81,0,15
3.81,1,15
3.81,2,15
3.81,3,15
3.81,4,15
3.81,5,15
3.81,6,15
3.81,7,15
3.81,8,15
3.81,9,15
3.81,10,15
3.81,11,15
3.81,12,15
3.81,13,15
3.81,14,15
3.81,15,15
3.81,16,15
3.81,17,15
3.81,18,15
3.81,19,15
3.81,20,15
3.81,21,15
3.81,22,15
3.81,23,15
3.81,24,15
3.81,25,15
3.81,0,16
3.81,1,16
3.81,2,16
3.81,3,16
3.81,4,16
3.81,5,16
3.81,6,16
3.81,7,16
3.81,8,16
3.81,9,16
3.81,10,16
3.81,11,16
3.81,12,16
3.81,13,16
3.81,14,16
3.81,15,16
3.81,16,16
3.81,17,16
3.81,18,16
3.81,19,16
3.81,20,16
3.81,21,16
3.81,22,16
3.81,23,16
3.81,24,16
3.81,25,16
3.81,0,17
3.81,1,17
3.81,2,17
3.81,3,17
3.81,4,17
3.81,5,17
3.81,6,17
3.81,7,17
3.81,8,17
3.81,9,17
3.81,10,17
3.81,11,17
3.81,12,17
3.81,13,17
3.81,14,17
3.81,15,17
3.81,16,17
3.81,17,17
3.81,18,17
3.81,19,17
3.81,20,17
3.81,21,17
3.81,22,17
3.81,23,17
3.81,24,17
3.81,25,17
3.81,0,18
3.81,1,18
3.81,2,18
3.81,3,18
3.81,4,18
3.81,5,18
3.81,6,18
3.81,7,18
3.81,8,18
3.81,9,18
3.81,10,18
3.81,11,18
3.81,12,18
3.81,13,18
3.81,14,18
3.81,15,18
3.81,16,18
3.81,17,18
3.81,18,18
3.81,19,18
3.81,20,18
3.81,21,18
3.81,22,18
3.81,23,18
3.81,24,18
3.81,25,18
3.81,0,19
3.81,1,19
3.81,2,19
3.81,3,19
3.81,4,19
3.81,5,19
3.81,6,19
3.81,7,19
3.81,8,19
3.81,9,19
3.81,10,19
3.81,11,19
3.81,12,19
3.81,13,19
3.81,14,19
3.81,15,19
3.81,16,19
3.81,17,19
3.81,18,19
3.81,19,19
3.81,20,19
3.81,21,19
3.81,22,19
3.81,23,19
3.81,24,19
3.81,25,19
3.81,0,20
3.81,1,20
3.81,2,20
3.81,3,20
3.81,4,20
3.81,5,20
3.81,6,20
3.81,7,20
3.81,8,20
3.81,9,20
3.81,10,20
3.81,11,20
3.81,12,20
3.81,13,20
3.81,14,20
3.81,15,20
3.81,16,20
3.81,17,20
3.81,18,20
3.81,19,20
3.81,20,20
3.81,21,20
3.81,22,20
3.81,23,20
3.81,24,20
3.81,25,20
3.81,0,21
3.81,1,21
3.81,2,21
3.81,3,21
3.81,4,21
3.81,5,21
3.81,6,21
3.81,7,21
3.81,8,21
3.81,9,21
3.81,10,21
3.81,11,21
3.81,12,21
3.81,13,21
3.81,14,21
3.81,15,21
3.81,16,21
3.81,17,21
3.81,18,21
3.81,19,21
3.81,20,21
3.81,21,21
3.81,22,21
3.81,23,21
3.81,24,21
3.81,25,21
3.81,0,22
3.81,1,22
3.81,2,22
3.81,3,22
3.81,4,22
3.81,5,22
3.81,6,22
3.81,7,22
3.81,8,22
3.81,9,22
3.81,10,22
3.81,11,22
3.81,12,22
3.81,13,22
3.81,14,22
3.81,15,22
3.81,16,22
3.81,17,22
3.81,18,22
3.81,19,22
3.81,20,22
3.81,21,22
3.81,22,22
3.81,23,22
3.81,24,22
3.81,25,22
3.81,0,23
3.81,1,23
3.81,2,23
3.81,3,23
3.81,4,23
3.81,5,23
3.81,6,23
3.81,7,23
3.81,8,23
3.81,9,23
3.81,10,23
3.81,11,23
3.81,12,23
3.81,13,23
3.81,14,23
3.81,15,23
3.81,16,23
3.81,17,23
3.81,18,23
3.81,19,23
3.81,20,23
3.81,21,23
3.81,22,23
3.81,23,23
3.81,24,23
3.81,25,23
3.81,0,24
3.81,1,24
3.81,2,24
3.81,3,24
3.81,4,24
3.81,5,24
3.81,6,24
3.81,7,24
3.81,8,24
3.81,9,24
3.81,10,24
3.81,11,24
3.81,12,24
3.81,13,24
3.81,14,24
3.81,15,24
3.81,16,24
3.81,17,24
3.81,18,24
3.81,19,24
3.81,20,24
3.81,21,24
3.81,22,24
3.81,23,24
3.81,24,24
3.81,25,24
3.81,0,25
3.81,1,25
3.81,2,25
3.81,3,25
3.81,4,25
3.81,5,25
3.81,6,25
3.81,7,25
3.81,8,25
3.81,9,25
3.81,10,25
3.81,11,25
3.81,12,25
3.81,13,25
3.81,14,25
3.81,15,25
3.81,16,25
3.81,17,25
3.81,18,25
3.81,19,25
3.81,20,25
3.81,21,25
3.81,22,25
3.81,23,25
3.81,24,25
3.81,25,25
4.445,0,0
4.445,1,0
4.445,2,0
4.445,3,0
4.445,4,0
4.445,5,0
4.445,6,0
4.445,7,0
4.445,8,0
4.445,9,0
4.445,10,0
4.445,11,0
4.445,12,0
4.445,13,0
4.445,14,0
4.445,15,0
4.445,16,0
4.445,17,0
4.445,18,0
4.445,19,0
4.445,20,0
4.445,21,0
4.445,22,0
4.445,23,0
4.445,24,0
4.445,25,0
4.445,0,1
4.445,1,1
4.445,2,1
4.445,3,1
4.445,4,1
4.445,5,1
4.445,6,1
4.445,7,1
4.445,8,1
4.445,9,1
4.445,10,1
4.445,11,1
4.445,12,1
4.445,13,1
4.445,14,1
4.445,15,1
4.445,16,1
4.445,17,1
4.445,18,1
4.445,19,1
4.445,20,1
4.445,21,1
4.445,22,1
4.445,23,1
4.445,24,1
4.445,25,1
4.445,0,2
4.445,1,2
4.445,2,2
4.445,3,2
4.445,4,2
4.445,5,2
4.445,6,2
4.445,7,2
4.445,8,2
4.445,9,2
4.445,10,2
4.445,11,2
4.445,12,2
4.445,13,2
4.445,14,2
4.445,15,2
4.445,16,2
4.445,17,2
4.445,18,2
4.445,19,2
4.445,20,2
4.445,21,2
4.445,22,2
4.445,23,2
4.445,24,2
4.445,25,2
4.445,0,3
4.445,1,3
4.445,2,3
4.445,3,3
4.445,4,3
4.445,5,3
4.445,6,3
4.445,7,3
4.445,8,3
4.445,9,3
4.445,10,3
4.445,11,3
4.445,12,3
4.445,13,3
4.445,14,3
4.445,15,3
4.445,16,3
4.445,17,3
4.445,18,3
4.445,19,3
4.445,20,3
4.445,21,3
4.445,22,3
4.445,23,3
4.445,24,3
4.445,25,3
4.445,0,4
4.445,1,4
4.445,2,4
4.445,3,4
4.445,4,4
4.445,5,4
4.445,6,4
4.445,7,4
4.445,8,4
4.445,9,4
4.445,10,4
4.445,11,4
4.445,12,4
4.445,13,4
4.445,14,4
4.445,15,4
4.445,16,4
4.445,17,4
4.445,18,4
4.445,19,4
4.445,20,4
4.445,21,4
4.445,22,4
4.445,23,4
4.445,24,4
4.445,25,4
4.445,0,5
4.445,1,5
4.445,2,5
4.445,3,5
4.445,4,5
4.445,5,5
4.445,6,5
4.445,7,5
4.445,8,5
4.445,9,5
4.445,10,5
4.445,11,5
4.445,12,5
4.445,13,5
4.445,14,5
4.445,15,5
4.445,16,5
4.445,17,5
4.445,18,5
4.445,19,5
4.445,20,5
4.445,21,5
4.445,22,5
4.445,23,5
4.445,24,5
4.445,25,5
4.445,0,6
4.445,1,6
4.445,2,6
4.445,3,6
4.445,4,6
4.445,5,6
4.445,6,6
4.445,7,6
4.445,8,6
4.445,9,6
4.445,10,6
4.445,11,6
4.445,12,6
4.445,13,6
4.445,14,6
4.445,15,6
4.445,16,6
4.445,17,6
4.445,18,6
4.445,19,6
4.445,20,6
4.445,21,6
4.445,22,6
4.445,23,6
4.445,24,6
4.445,25,6
4.445,0,7
4.445,1,7
4.445,2,7
4.445,3,7
4.445,4,7
4.445,5,7
4.445,6,7
4.445,7,7
4.445,8,7
4.445,9,7
4.445,10,7
4.445,11,7
4.445,12,7
4.445,13,7
4.445,14,7
4.445,15,7
4.445,16,7
4.445,17,7
4.445,18,7
4.445,19,7
4.445,20,7
4.445,21,7
4.445,22,7
4.445,23,7
4.445,24,7
4.445,25,7
4.445,0,8
4.445,1,8
4.445,2,8
4.445,3,8
4.445,4,8
4.445,5,8
4.445,6,8
4.445,7,8
4.445,8,8
4.445,9,8
4.445,10,8
4.445,11,8
4.445,12,8
4.445,13,8
4.445,14,8
4.445,15,8
4.445,16,8
4.445,17,8
4.445,18,8
4.445,19,8
4.445,20,8
4.445,21,8
4.445,22,8
4.445,23,8
4.445,24,8
4.445,25,8
4.445,0,9
4.445,1,9
4.445,2,9
4.445,3,9
4.445,4,9
4.445,5,9
4.445,6,9
4.445,7,9
4.445,8,9
4.445,9,9
4.445,10,9
4.445,11,9
4.445,12,9
4.445,13,9
4.445,14,9
4.445,15,9
4.445,16,9
4.445,17,9
4.445,18,9
4.445,19,9
4.445,20,9
4.445,21,9
4.445,22,9
4.445,23,9
4.445,24,9
4.445,25,9
4.445,0,10
4.445,1,10
4.445,2,10
4.445,3,10
4.445,4,10
4.445,5,10
4.445,6,10
4.445,7,10
4.445,8,10
4.445,9,10
4.445,10,10
4.445,11,10
4.445,12,10
4.445,13,10
4.445,14,10
4.445,15,10
4.445,16,10
4.445,17,10
4.445,18,10
4.445,19,10
4.445,20,10
4.445,21,10
4.445,22,10
4.445,23,10
4.445,24,10
4.445,25,10
4.445,0,11
4.445,1,11
4.445,2,11
4.445,3,11
4.445,4,11
4.445,5,11
4.445,6,11
4.445,7,11
4.445,8,11
4.445,9,11
4.445,10,11
4.445,11,11
4.445,12,11
4.445,13,11
4.445,14,11
4.445,15,11
4.445,16,11
4.445,17,11
4.445,18,11
4.445,19,11
4.445,20,11
4.445,21,11
4.445,22,11
4.445,23,11
4.445,24,11
4.445,25,11
4.445,0,12
4.445,1,12
4.445,2,12
4.445,3,12
4.445,4,12
4.445,5,12
4.445,6,12
4.445,7,12
4.445,8,12
4.445,9,12
4.445,10,12
4.445,11,12
4.445,12,12
4.445,13,12
4.445,14,12
4.445,15,12
4.445,16,12
4.445,17,12
4.445,18,12
4.445,19,12
4.445,20,12
4.445,21,12
4.445,22,12
4.445,23,12
4.445,24,12
4.445,25,12
4.445,0,13
4.445,1,13
4.445,2,13
4.445,3,13
4.445,4,13
4.445,5,13
4.445,6,13
4.445,7,13
4.445,8,13
4.445,9,13
4.445,10,13
4.445,11,13
4.445,12,13
4.445,13,13
4.445,14,13
4.445,15,13
4.445,16,13
4.445,17,13
4.445,18,13
4.445,19,13
4.445,20,13
4.445,21,13
4.445,22,13
4.445,23,13
4.445,24,13
4.445,25,13
4.445,0,14
4.445,1,14
4.445,2,14
4.445,3,14
4.445,4,14
4.445,5,14
4.445,6,14
4.445,7,14
4.445,8,14
4.445,9,14
4.445,10,14
4.445,11,14
4.445,12,14
4.445,13,14
4.445,14,14
4.445,15,14
4.445,16,14
4.445,17,14
4.445,18,14
4.445,19,14
4.445,20,14
4.445,21,14
4.445,22,14
4.445,23,14
4.445,24,14
4.445,25,14
4.445,0,15
4.445,1,15
4.445,2,15
4.445,3,15
4.445,4,15
4.445,5,15
4.445,6,15
4.445,7,15
4.445,8,15
4.445,9,15
4.445,10,15
4.445,11,15
4.445,12,15
4.445,13,15
4.445,14,15
4.445,15,15
4.445,16,15
4.445,17,15
4.445,18,15
4.445,19,15
4.445,20,15
4.445,21,15
4.445,22,15
4.445,23,15
4.445,24,15
4.445,25,15
4.445,0,16
4.445,1,16
4.445,2,16
4.445,3,16
4.445,4,16
4.445,5,16
4.445,6,16
4.445,7,16
4.445,8,16
4.445,9,16
4.445,10,16
4.445,11,16
4.445,12,16
4.445,13,16
4.445,14,16
4.445,15,16
4.445,16,16
4.445,17,16
4.445,18,16
4.445,19,16
4.445,20,16
4.445,21,16
4.445,22,16
4.445,23,16
4.445,24,16
4.445,25,16
4.445,0,17
4.445,1,17
4.445,2,17
4.445,3,17
4.445,4,17
4.445,5,17
4.445,6,17
4.445,7,17
4.445,8,17
4.445,9,17
4.445,10,17
4.445,11,17
4.445,12,17
4.445,13,17
4.445,14,17
4.445,15,17
4.445,16,17
4.445,17,17
4.445,18,17
4.445,19,17
4.445,20,17
4.445,21,17
4.445,22,17
4.445,23,17
4.445,24,17
4.445,25,17
4.445,0,18
4.445,1,18
4.445,2,18
4.445,3,18
4.445,4,18
4.445,5,18
4.445,6,18
4.445,7,18
4.445,8,18
4.445,9,18
4.445,10,18
4.445,11,18
4.445,12,18
4.445,13,18
4.445,14,18
4.445,15,18
4.445,16,18
4.445,17,18
4.445,18,18
4.445,19,18
4.445,20,18
4.445,21,18
4.445,22,18
4.445,23,18
4.445,24,18
4.445,25,18
4.445,0,19
4.445,1,19
4.445,2,19
4.445,3,19
4.445,4,19
4.445,5,19
4.445,6,19
4.445,7,19
4.445,8,19
4.445,9,19
4.445,10,19
4.445,11,19
4.445,12,19
4.445,13,19
4.445,14,19
4.445,15,19
4.445,16,19
4.445,17,19
4.445,18,19
4.445,19,19
4.445,20,19
4.445,21,19
4.445,22,19
4.445,23,19
4.445,24,19
4.445,25,19
4.445,0,20
4.445,1,20
4.445,2,20
4.445,3,20
4.445,4,20
4.445,5,20
4.445,6,20
4.445,7,20
4.445,8,20
4.445,9,20
4.445,10,20
4.445,11,20
4.445,12,20
4.445,13,20
4.445,14,20
4.445,15,20
4.445,16,20
4.445,17,20
4.445,18,20
4.445,19,20
4.445,20,20
4.445,21,20
4.445,22,20
4.445,23,20
4.445,24,20
4.445,25,20
4.445,0,21
4.445,1,21
4.445,2,21
4.445,3,21
4.445,4,21
4.445,5,21
4.445,6,21
4.445,7,21
4.445,8,21
4.445,9,21
4.445,10,21
4.445,11,21
4.445,12,21
4.445,13,21
4.445,14,21
4.445,15,21
4.445,16,21
4.445,17,21
4.445,18,21
4.445,19,21
4.445,20,21
4.445,21,21
4.445,22,21
4.445,23,21
4.445,24,21
4.445,25,21
4.445,0,22
4.445,1,22
4.445,2,22
4.445,3,22
4.445,4,22
4.445,5,22
4.445,6,22
4.445,7,22
4.445,8,22
4.445,9,22
4.445,10,22
4.445,11,22
4.445,12,22
4.445,13,22
4.445,14,22
4.445,15,22
4.445,16,22
4.445,17,22
4.445,18,22
4.445,19,22
4.445,20,22
4.445,21,22
4.445,22,22
4.445,23,22
4.445,24,22
4.445,25,22
4.445,0,23
4.445,1,23
4.445,2,23
4.445,3,23
4.445,4,23
4.445,5,23
4.445,6,23
4.445,7,23
4.445,8,23
4.445,9,23
4.445,10,23
4.445,11,23
4.445,12,23
4.445,13,23
4.445,14,23
4.445,15,23
4.445,16,23
4.445,17,23
4.445,18,23
4.445,19,23
4.445,20,23
4.445,21,23
4.445,22,23
4.445,23,23
4.445,24,23
4.445,25,23
4.445,0,24
4.445,1,24
4.445,2,24
4.445,3,24
4.445,4,24
4.445,5,24
4.445,6,24
4.445,7,24
4.445,8,24
4.445,9,24
4.445,10,24
4.445,11,24
4.445,12,24
4.445,13,24
4.445,14,24
4.445,15,24
4.445,16,24
4.445,17,24
4.445,18,24
4.445,19,24
4.445,20,24
4.445,21,24
4.445,22,24
4.445,23,24
4.445,24,24
4.445,25,24
4.445,0,25
4.445,1,25
4.445,2,25
4.445,3,25
4.445,4,25
4.445,5,25
4.445,6,25
4.445,7,25
4.445,8,25
4.445,9,25
4.445,10,25
4.445,11,25
4.445,12,25
4.445,13,25
4.445,14,25
4.445,15,25
4.445,16,25
4.445,17,25
4.445,18,25
4.445,19,25
4.445,20,25
4.445,21,25
4.445,22,25
4.445,23,25
4.445,24,25
4.445,25,25
5.08,0,0
5.08,1,0
5.08,2,0
5.08,3,0
5.08,4,0
5.08,5,0
5.08,6,0
5.08,7,0
5.08,8,0
5.08,9,0
5.08,10,0
5.08,11,0
5.08,12,0
5.08,13,0
5.08,14,0
5.08,15,0
5.08,16,0
5.08,17,0
5.08,18,0
5.08,19,0
5.08,20,0
5.08,21,0
5.08,22,0
5.08,23,0
5.08,24,0
5.08,25,0
5.08,0,1
5.08,1,1
5.08,2,1
5.08,3,1
5.08,4,1
5.08,5,1
5.08,6,1
5.08,7,1
5.08,8,1
5.08,9,1
5.08,10,1
5.08,11,1
5.08,12,1
5.08,13,1
5.08,14,1
5.08,15,1
5.08,16,1
5.08,17,1
5.08,18,1
5.08,19,1
5.08,20,1
5.08,21,1
5.08,22,1
5.08,23,1
5.08,24,1
5.08,25,1
5.08,0,2
5.08,1,2
5.08,2,2
5.08,3,2
5.08,4,2
5.08,5,2
5.08,6,2
5.08,7,2
5.08,8,2
5.08,9,2
5.08,10,2
5.08,11,2
5.08,12,2
5.08,13,2
5.08,14,2
5.08,15,2
5.08,16,2
5.08,17,2
5.08,18,2
5.08,19,2
5.08,20,2
5.08,21,2
5.08,22,2
5.08,23,2
5.08,24,2
5.08,25,2
5.08,0,3
5.08,1,3
5.08,2,3
5.08,3,3
5.08,4,3
5.08,5,3
5.08,6,3
5.08,7,3
5.08,8,3
5.08,9,3
5.08,10,3
5.08,11,3
5.08,12,3
5.08,13,3
5.08,14,3
5.08,15,3
5.08,16,3
5.08,17,3
5.08,18,3
5.08,19,3
5.08,20,3
5.08,21,3
5.08,22,3
5.08,23,3
5.08,24,3
5.08,25,3
5.08,0,4
5.08,1,4
5.08,2,4
5.08,3,4
5.08,4,4
5.08,5,4
5.08,6,4
5.08,7,4
5.08,8,4
5.08,9,4
5.08,10,4
5.08,11,4
5.08,12,4
5.08,13,4
5.08,14,4
5.08,15,4
5.08,16,4
5.08,17,4
5.08,18,4
5.08,19,4
5.08,20,4
5.08,21,4
5.08,22,4
5.08,23,4
5.08,24,4
5.08,25,4
5.08,0,5
5.08,1,5
5.08,2,5
5.08,3,5
5.08,4,5
5.08,5,5
5.08,6,5
5.08,7,5
5.08,8,5
5.08,9,5
5.08,10,5
5.08,11,5
5.08,12,5
5.08,13,5
5.08,14,5
5.08,15,5
5.08,16,5
5.08,17,5
5.08,18,5
5.08,19,5
5.08,20,5
5.08,21,5
5.08,22,5
5.08,23,5
5.08,24,5
5.08,25,5
5.08,0,6
5.08,1,6
5.08,2,6
5.08,3,6
5.08,4,6
5.08,5,6
5.08,6,6
5.08,7,6
5.08,8,6
5.08,9,6
5.08,10,6
5.08,11,6
5.08,12,6
5.08,13,6
5.08,14,6
5.08,15,6
5.08,16,6
5.08,17,6
5.08,18,6
5.08,19,6
5.08,20,6
5.08,21,6
5.08,22,6
5.08,23,6
5.08,24,6
5.08,25,6
5.08,0,7
5.08,1,7
5.08,2,7
5.08,3,7
5.08,4,7
5.08,5,7
5.08,6,7
5.08,7,7
5.08,8,7
5.08,9,7
5.08,10,7
5.08,11,7
5.08,12,7
5.08,13,7
5.08,14,7
5.08,15,7
5.08,16,7
5.08,17,7
5.08,18,7
5.08,19,7
5.08,20,7
5.08,21,7
5.08,22,7
5.08,23,7
5.08,24,7
5.08,25,7
5.08,0,8
5.08,1,8
5.08,2,8
5.08,3,8
5.08,4,8
5.08,5,8
5.08,6,8
5.08,7,8
5.08,8,8
5.08,9,8
5.08,10,8
5.08,11,8
5.08,12,8
5.08,13,8
5.08,14,8
5.08,15,8
5.08,16,8
5.08,17,8
5.08,18,8
5.08,19,8
5.08,20,8
5.08,21,8
5.08,22,8
5.08,23,8
5.08,24,8
5.08,25,8
5.08,0,9
5.08,1,9
5.08,2,9
5.08,3,9
5.08,4,9
5.08,5,9
5.08,6,9
5.08,7,9
5.08,8,9
5.08,9,9
5.08,10,9
5.08,11,9
5.08,12,9
5.08,13,9
5.08,14,9
5.08,15,9
5.08,16,9
5.08,17,9
5.08,18,9
5.08,19,9
5.08,20,9
5.08,21,9
5.08,22,9
5.08,23,9
5.08,24,9
5.08,25,9
5.08,0,10
5.08,1,10
5.08,2,10
5.08,3,10
5.08,4,10
5.08,5,10
5.08,6,10
5.08,7,10
5.08,8,10
5.08,9,10
5.08,10,10
5.08,11,10
5.08,12,10
5.08,13,10
5.08,14,10
5.08,15,10
5.08,16,10
5.08,17,10
5.08,18,10
5.08,19,10
5.08,20,10
5.08,21,10
5.08,22,10
5.08,23,10
5.08,24,10
5.08,25,10
5.08,0,11
5.08,1,11
5.08,2,11
5.08,3,11
5.08,4,11
5.08,5,11
5.08,6,11
5.08,7,11
5.08,8,11
5.08,9,11
5.08,10,11
5.08,11,11
5.08,12,11
5.08,13,11
5.08,14,11
5.08,15,11
5.08,16,11
5.08,17,11
5.08,18,11
5.08,19,11
5.08,20,11
5.08,21,11
5.08,22,11
5.08,23,11
5.08,24,11
5.08,25,11
5.08,0,12
5.08,1,12
5.08,2,12
5.08,3,12
5.08,4,12
5.08,5,12
5.08,6,12
5.08,7,12
5.08,8,12
5.08,9,12
5.08,10,12
5.08,11,12
5.08,12,12
5.08,13,12
5.08,14,12
5.08,15,12
5.08,16,12
5.08,17,12
5.08,18,12
5.08,19,12
5.08,20,12
5.08,21,12
5.08,22,12
5.08,23,12
5.08,24,12
5.08,25,12
5.08,0,13
5.08,1,13
5.08,2,13
5.08,3,13
5.08,4,13
5.08,5,13
5.08,6,13
5.08,7,13
5.08,8,13
5.08,9,13
5.08,10,13
5.08,11,13
5.08,12,13
5.08,13,13
5.08,14,13
5.08,15,13
5.08,16,13
5.08,17,13
5.08,18,13
5.08,19,13
5.08,20,13
5.08,21,13
5.08,22,13
5.08,23,13
5.08,24,13
5.08,25,13
5.08,0,14
5.08,1,14
5.08,2,14
5.08,3,14
5.08,4,14
5.08,5,14
5.08,6,14
5.08,7,14
5.08,8,14
5.08,9,14
5.08,10,14
5.08,11,14
5.08,12,14
5.08,13,14
5.08,14,14
5.08,15,14
5.08,16,14
5.08,17,14
5.08,18,14
5.08,19,14
5.08,20,14
5.08,21,14
5.08,22,14
5.08,23,14
5.08,24,14
5.08,25,14
5.08,0,15
5.08,1,15
5.08,2,15
5.08,3,15
5.08,4,15
5.08,5,15
5.08,6,15
5.08,7,15
5.08,8,15
5.08,9,15
5.08,10,15
5.08,11,15
5.08,12,15
5.08,13,15
5.08,14,15
5.08,15,15
5.08,16,15
5.08,17,15
5.08,18,15
5.08,19,15
5.08,20,15
5.08,21,15
5.08,22,15
5.08,23,15
5.08,24,15
5.08,25,15
5.08,0,16
5.08,1,16
5.08,2,16
5.08,3,16
5.08,4,16
5.08,5,16
5.08,6,16
5.08,7,16
5.08,8,16
5.08,9,16
5.08,10,16
5.08,11,16
5.08,12,16
5.08,13,16
5.08,14,16
5.08,15,16
5.08,16,16
5.08,17,16
5.08,18,16
5.08,19,16
5.08,20,16
5.08,21,16
5.08,22,16
5.08,23,16
5.08,24,16
5.08,25,16
5.08,0,17
5.08,1,17
5.08,2,17
5.08,3,17
5.08,4,17
5.08,5,17
5.08,6,17
5.08,7,17
5.08,8,17
5.08,9,17
5.08,10,17
5.08,11,17
5.08,12,17
5.08,13,17
5.08,14,17
5.08,15,17
5.08,16,17
5.08,17,17
5.08,18,17
5.08,19,17
5.08,20,17
5.08,21,17
5.08,22,17
5.08,23,17
5.08,24,17
5.08,25,17
5.08,0,18
5.08,1,18
5.08,2,18
5.08,3,18
5.08,4,18
5.08,5,18
5.08,6,18
5.08,7,18
5.08,8,18
5.08,9,18
5.08,10,18
5.08,11,18
5.08,12,18
5.08,13,18
5.08,14,18
5.08,15,18
5.08,16,18
5.08,17,18
5.08,18,18
5.08,19,18
5.08,20,18
5.08,21,18
5.08,22,18
5.08,23,18
5.08,24,18
5.08,25,18
5.08,0,19
5.08,1,19
5.08,2,19
5.08,3,19
5.08,4,19
5.08,5,19
5.08,6,19
5.08,7,19
5.08,8,19
5.08,9,19
5.08,10,19
5.08,11,19
5.08,12,19
5.08,13,19
5.08,14,19
5.08,15,19
5.08,16,19
5.08,17,19
5.08,18,19
5.08,19,19
5.08,20,19
5.08,21,19
5.08,22,19
5.08,23,19
5.08,24,19
5.08,25,19
5.08,0,20
5.08,1,20
5.08,2,20
5.08,3,20
5.08,4,20
5.08,5,20
5.08,6,20
5.08,7,20
5.08,8,20
5.08,9,20
5.08,10,20
5.08,11,20
5.08,12,20
5.08,13,20
5.08,14,20
5.08,15,20
5.08,16,20
5.08,17,20
5.08,18,20
5.08,19,20
5.08,20,20
5.08,21,20
5.08,22,20
5.08,23,20
5.08,24,20
5.08,25,20
5.08,0,21
5.08,1,21
5.08,2,21
5.08,3,21
5.08,4,21
5.08,5,21
5.08,6,21
5.08,7,21
5.08,8,21
5.08,9,21
5.08,10,21
5.08,11,21
5.08,12,21
5.08,13,21
5.08,14,21
5.08,15,21
5.08,16,21
5.08,17,21
5.08,18,21
5.08,19,21
5.08,20,21
5.08,21,21
5.08,22,21
5.08,23,21
5.08,24,21
5.08,25,21
5.08,0,22
5.08,1,22
5.08,2,22
5.08,3,22
5.08,4,22
5.08,5,22
5.08,6,22
5.08,7,22
5.08,8,22
5.08,9,22
5.08,10,22
5.08,11,22
5.08,12,22
5.08,13,22
5.08,14,22
5.08,15,22
5.08,16,22
5.08,17,22
5.08,18,22
5.08,19,22
5.08,20,22
5.08,21,22
5.08,22,22
5.08,23,22
5.08,24,22
5.08,25,22
5.08,0,23
5.08,1,23
5.08,2,23
5.08,3,23
5.08,4,23
5.08,5,23
5.08,6,23
5.08,7,23
5.08,8,23
5.08,9,23
5.08,10,23
5.08,11,23
5.08,12,23
5.08,13,23
5.08,14,23
5.08,15,23
5.08,16,23
5.08,17,23
5.08,18,23
5.08,19,23
5.08,20,23
5.08,21,23
5.08,22,23
5.08,23,23
5.08,24,23
5.08,25,23
5.08,0,24
5.08,1,24
5.08,2,24
5.08,3,24
5.08,4,24
5.08,5,24
5.08,6,24
5.08,7,24
5.08,8,24
5.08,9,24
5.08,10,24
5.08,11,24
5.08,12,24
5.08,13,24
5.08,14,24
5.08,15,24
5.08,16,24
5.08,17,24
5.08,18,24
5.08,19,24
5.08,20,24
5.08,21,24
5.08,22,24
5.08,23,24
5.08,24,24
5.08,25,24
5.08,0,25
5.08,1,25
5.08,2,25
5.08,3,25
5.08,4,25
5.08,5,25
5.08,6,25
5.08,7,25
5.08,8,25
5.08,9,25
5.08,10,25
5.08,11,25
5.08,12,25
5.08,13,25
5.08,14,25
5.08,15,25
5.08,16,25
5.08,17,25
5.08,18,25
5.08,19,25
5.08,20,25
5.08,21,25
5.08,22,25
5.08,23,25
5.08,24,25
5.08,25,25
